olay_id,medya_tipi,kaynak,baslik,icerik
1,yandas,Sabah,"Provokatif eylemler kontrol altına alındı","İstanbul’da gerçekleştirilen izinsiz gösterilere güvenlik güçleri müdahale etti. Yetkililer eylemlerin kamu düzenini bozma riski taşıdığını belirtti. Yapılan açıklamada olayların kısa sürede kontrol altına alındığı ve şehirde hayatın normale döndüğü ifade edildi. Güvenlik güçlerinin koordineli çalışmasıyla herhangi bir büyük olumsuzluk yaşanmadığı aktarıldı."
1,karsit,Sozcu,"Halk demokrasi için sokakta","İstanbul’da binlerce vatandaş sokaklara çıkarak son gelişmelere tepki gösterdi. Göstericiler demokratik haklarını kullandıklarını ve seslerini duyurmaya çalıştıklarını ifade etti. Polis müdahalesi sonrası çok sayıda kişi gözaltına alınırken bazı bölgelerde gerginlik yaşandı. Katılımcılar taleplerinin dikkate alınmasını istedi."
1,notr,Hurriyet,"Tutuklama sonrası protestolar başladı","İstanbul’da gerçekleşen tutuklama kararının ardından çeşitli protesto gösterileri düzenlendi. Farklı gruplar tarafından organize edilen eylemler şehir genelinde farklı noktalarda gerçekleşti. Güvenlik güçleri bazı bölgelerde müdahalede bulunurken olaylar gün boyunca devam etti. Yetkililer gelişmeleri yakından takip ettiklerini açıkladı."

2,yandas,Sabah,"Ekonomide güçlü toparlanma sinyalleri","Ekonomi yönetimi son dönemde alınan önlemlerin olumlu sonuç verdiğini açıkladı. Üretim ve ihracat verilerinde artış gözlemlendiği belirtilirken piyasalarda güven ortamının yeniden oluştuğu ifade edildi. Uzmanlar uygulanan politikaların uzun vadede ekonomiyi güçlendireceğini belirtiyor. Reform sürecinin kararlılıkla sürdürüleceği vurgulandı."
2,karsit,Sozcu,"Ekonomik kriz derinleşiyor","Artan fiyatlar ve yaşam maliyetleri vatandaşın geçimini zorlaştırıyor. Pazarda ve marketteki fiyat artışları dar gelirli kesimleri daha fazla etkiliyor. Ekonomistler mevcut politikaların enflasyonu kontrol etmekte yetersiz kaldığını ifade ediyor. Vatandaşlar alım gücünün her geçen gün düştüğünü dile getiriyor."
2,notr,Hurriyet,"Ekonomide son gelişmeler açıklandı","Ekonomi yönetimi son döneme ilişkin verileri kamuoyuyla paylaştı. Açıklanan rakamlara göre bazı göstergelerde artış bazı alanlarda ise dalgalanmalar dikkat çekti. Uzmanlar verilerin farklı açılardan değerlendirilmesi gerektiğini belirtiyor. Önümüzdeki süreçte ekonomik politikaların etkisinin daha net görüleceği ifade edildi."

3,yandas,Sabah,"Başarılı operasyonla terör darbe aldı","Güvenlik güçleri tarafından gerçekleştirilen operasyon kapsamında çok sayıda hedef etkisiz hale getirildi. Yetkililer operasyonun titizlikle planlandığını ve başarıyla tamamlandığını açıkladı. Bölgede güvenliğin sağlanması için çalışmaların sürdüğü belirtildi. Operasyonun terör faaliyetlerine ciddi darbe vurduğu ifade edildi."
3,karsit,Sozcu,"Operasyonda sivil zarar iddiaları","Gerçekleştirilen operasyon sonrası bölgede sivil kayıplar yaşandığı iddia edildi. Yerel kaynaklar bazı sivillerin zarar gördüğünü öne sürdü. Uzmanlar operasyonların daha dikkatli yürütülmesi gerektiğini ifade ediyor. Konuya ilişkin bağımsız inceleme yapılması çağrısı yapıldı."
3,notr,Hurriyet,"Operasyon gerçekleştirildi","Güvenlik güçleri tarafından bölgede bir operasyon gerçekleştirildi. Yetkililer operasyonun hedeflerine ulaştığını belirtti. Bölgedeki gelişmeler yakından izlenirken farklı kaynaklardan çeşitli açıklamalar yapıldı. Resmi bilgilendirmelerin devam edeceği ifade edildi."

4,yandas,Sabah,"Yeni proje ile istihdam artacak","Hükümet tarafından açıklanan yeni proje ile binlerce kişiye iş imkanı sağlanacağı belirtildi. Yetkililer projenin ekonomiye canlılık kazandıracağını ifade etti. Projenin özellikle genç istihdamını artırması bekleniyor. Uygulamanın kısa sürede hayata geçirileceği açıklandı."
4,karsit,Sozcu,"Projeye eleştiriler büyüyor","Açıklanan yeni proje bazı kesimler tarafından eleştiriliyor. Uzmanlar projenin yeterince şeffaf olmadığını ve detaylarının netleşmediğini ifade ediyor. Projenin uygulanabilirliği konusunda soru işaretleri bulunuyor. Kamuoyunda tartışmalar sürüyor."
4,notr,Hurriyet,"Yeni proje tanıtıldı","Yetkililer yeni ekonomik projeyi kamuoyuna sundu. Projenin istihdam ve yatırım açısından önemli katkılar sağlaması bekleniyor. Detaylar ilgili kurumlar tarafından açıklanmaya devam ediyor. Projenin uygulama süreci yakından takip edilecek."

5,yandas,Sabah,"Enerji yatırımları hız kesmiyor","Türkiye enerji alanında yatırımlarını artırmaya devam ediyor. Yeni projelerle üretim kapasitesinin yükseltilmesi hedefleniyor. Yetkililer bu yatırımların enerji bağımsızlığına katkı sağlayacağını belirtti. Uzmanlar sektörün büyümeye devam edeceğini ifade ediyor."
5,karsit,Sozcu,"Enerji fiyatları vatandaşı zorluyor","Enerji maliyetlerindeki artış vatandaşın bütçesini zorlamaya devam ediyor. Elektrik ve doğalgaz fiyatları özellikle dar gelirli kesimleri etkiliyor. Uzmanlar maliyet artışlarının önümüzdeki dönemde sürebileceğini belirtiyor. Vatandaşlar çözüm bekliyor."
5,notr,Hurriyet,"Enerji alanında yeni adımlar","Enerji sektöründe yeni yatırımlar ve düzenlemeler gündeme geldi. Yetkililer enerji üretim kapasitesinin artırılmasının hedeflendiğini açıkladı. Sektördeki gelişmeler yakından takip ediliyor. Uzmanlar farklı senaryolar üzerinde duruyor."

6,yandas,Sabah,"Eğitim reformu başarıyla uygulanıyor","Yeni eğitim sistemi kapsamında yapılan düzenlemelerin olumlu sonuçlar verdiği açıklandı. Yetkililer, eğitim kalitesinin arttığını ve öğrencilerin başarı düzeyinde yükseliş gözlemlendiğini belirtti. Reform kapsamında öğretim yöntemlerinin modernize edildiği ifade edildi. Sürecin önümüzdeki dönemde daha da geliştirilmesi hedefleniyor."
6,karsit,Sozcu,"Eğitim sistemine tepki büyüyor","Yeni eğitim sistemine yönelik eleştiriler artmaya devam ediyor. Veliler ve öğretmenler, yapılan değişikliklerin yeterince planlanmadığını ifade ediyor. Eğitimde yaşanan sorunların öğrencileri olumsuz etkilediği belirtiliyor. Uzmanlar sistemin yeniden gözden geçirilmesi gerektiğini vurguluyor."
6,notr,Hurriyet,"Eğitim sisteminde değişiklikler","Eğitim alanında yapılan yeni düzenlemeler yürürlüğe girdi. Yetkililer sistemde çeşitli güncellemelerin yapıldığını açıkladı. Öğrenciler ve öğretmenler yeni uygulamalara uyum sağlamaya çalışıyor. Sürecin etkilerinin önümüzdeki dönemde daha net görüleceği ifade edildi."

7,yandas,Sabah,"Sağlık sisteminde büyük başarı","Sağlık alanında yapılan yatırımların olumlu sonuç verdiği açıklandı. Hastanelerde hizmet kalitesinin arttığı ve hasta memnuniyetinde yükseliş olduğu belirtildi. Yeni teknolojilerin sisteme entegre edildiği ifade edildi. Yetkililer sağlık hizmetlerinin daha erişilebilir hale geldiğini vurguladı."
7,karsit,Sozcu,"Sağlıkta sorunlar devam ediyor","Sağlık sisteminde yaşanan sorunlar gündemde kalmaya devam ediyor. Randevu bulma ve yoğunluk problemlerinin sürdüğü ifade ediliyor. Vatandaşlar uzun bekleme sürelerinden şikayetçi. Uzmanlar sistemde yapısal sorunların çözülmesi gerektiğini belirtiyor."
7,notr,Hurriyet,"Sağlık alanında gelişmeler","Sağlık sisteminde son dönemde çeşitli değişiklikler yapıldı. Hastanelerde yeni uygulamaların devreye alındığı açıklandı. Yetkililer hizmet kalitesinin artırılmasının hedeflendiğini belirtti. Sürecin etkileri yakından takip ediliyor."

8,yandas,Sabah,"Dış politikada güçlü adımlar","Türkiye’nin dış politika alanında attığı adımların olumlu sonuçlar verdiği ifade edildi. Yetkililer uluslararası ilişkilerde etkinliğin arttığını belirtti. Yapılan anlaşmaların ülke çıkarlarını koruduğu vurgulandı. Türkiye’nin küresel ölçekte daha güçlü bir konuma geldiği ifade edildi."
8,karsit,Sozcu,"Dış politikada yalnızlık eleştirisi","Türkiye’nin dış politikada yalnızlaştığı yönündeki eleştiriler gündemde yer alıyor. Uzmanlar bazı uluslararası ilişkilerin zayıfladığını ifade ediyor. Diplomatik sorunların arttığı belirtiliyor. Daha dengeli bir dış politika izlenmesi gerektiği savunuluyor."
8,notr,Hurriyet,"Dış politikada yeni gelişmeler","Türkiye’nin dış politika gündeminde yeni gelişmeler yaşandı. Yetkililer farklı ülkelerle yürütülen temasların sürdüğünü açıkladı. Uluslararası ilişkilerde çeşitli anlaşmalar gündeme geldi. Sürecin etkileri ilerleyen dönemde değerlendirilecek."

9,yandas,Sabah,"Enflasyon düşüşe geçti","Yetkililer enflasyon oranlarında düşüş eğilimi başladığını açıkladı. Alınan ekonomik önlemlerin etkili olduğu ifade edildi. Piyasalarda istikrarın sağlanmaya başladığı belirtildi. Önümüzdeki dönemde iyileşmenin devam etmesi bekleniyor."
9,karsit,Sozcu,"Enflasyon halkı zorluyor","Yüksek enflasyon vatandaşın yaşamını zorlaştırmaya devam ediyor. Temel ihtiyaç ürünlerindeki fiyat artışları dikkat çekiyor. Vatandaşlar alım gücünün düştüğünü ifade ediyor. Ekonomistler mevcut durumun ciddi sorunlara yol açtığını belirtiyor."
9,notr,Hurriyet,"Enflasyon verileri açıklandı","Son enflasyon rakamları kamuoyuyla paylaşıldı. Açıklanan verilere göre fiyat değişimlerinde farklı eğilimler gözlemlendi. Uzmanlar verilerin detaylı analiz edilmesi gerektiğini belirtti. Önümüzdeki dönemde ekonomik gelişmeler yakından izlenecek."

10,yandas,Sabah,"Turizmde rekor beklentisi","Turizm sektöründe bu yıl rekor gelir beklendiği açıklandı. Yetkililer turist sayısında artış yaşandığını belirtti. Sektör temsilcileri sezonun oldukça hareketli geçtiğini ifade ediyor. Türkiye’nin turizmde güçlü bir performans sergilediği vurgulandı."
10,karsit,Sozcu,"Turizm gelirleri beklentiyi karşılamıyor","Turizm sektöründe beklenen gelir seviyesine ulaşılamadığı ifade ediliyor. Sektör temsilcileri maliyetlerin arttığını belirtiyor. Bazı bölgelerde doluluk oranlarının düşük kaldığı aktarılıyor. Uzmanlar sektörün desteklenmesi gerektiğini vurguluyor."
10,notr,Hurriyet,"Turizm sezonu başladı","Yeni turizm sezonunun başlamasıyla birlikte sektörde hareketlilik arttı. Yetkililer turist sayısında artış gözlemlendiğini açıkladı. Otellerde doluluk oranlarının yükseldiği belirtildi. Sezonun genel performansı ilerleyen dönemde değerlendirilecek."

11,yandas,Sabah,"Deprem bölgesinde yaralar hızla sarılıyor","Deprem bölgesinde yürütülen çalışmaların hız kazandığı açıklandı. Yetkililer kalıcı konut projelerinin planlanan takvim doğrultusunda ilerlediğini belirtti. Yeni konutların tamamlanan bölümlerine vatandaşların yerleştirilmeye başlandığı ifade edildi. Altyapı ve sosyal destek çalışmalarının da eş zamanlı sürdürüldüğü vurgulandı."
11,karsit,Sozcu,"Depremzedeler hâlâ konteynerde","Depremden etkilenen bölgelerde yaşayan vatandaşlar kalıcı konutların geciktiğini dile getiriyor. Birçok kişinin hâlâ geçici barınma alanlarında yaşamını sürdürdüğü ifade ediliyor. Yaşam koşullarının zor olduğu ve temel ihtiyaçlara erişimde sıkıntılar yaşandığı belirtiliyor. Depremzedeler yetkililerden daha hızlı çözüm bekliyor."
11,notr,Hurriyet,"Deprem bölgesinde çalışmalar sürüyor","Deprem bölgesinde kalıcı konut ve altyapı çalışmaları devam ediyor. Yetkililer projelerin belirli aşamalara ulaştığını açıkladı. Bölgede hem konut inşaatı hem de sosyal destek faaliyetleri eş zamanlı yürütülüyor. Çalışmaların tamamlanma süreci yakından takip ediliyor."

12,yandas,Sabah,"Yeni vergi düzenlemesi ekonomiyi güçlendirecek","Hükümet tarafından açıklanan yeni vergi düzenlemesinin bütçe dengesine katkı sağlayacağı ifade edildi. Yetkililer düzenlemenin ekonomik istikrarı destekleyeceğini belirtti. Yapılan değişikliklerin kamu gelirlerini artırarak yatırımlara kaynak oluşturması bekleniyor. Düzenlemenin orta ve uzun vadede olumlu etkiler yaratacağı vurgulandı."
12,karsit,Sozcu,"Vergi yükü vatandaşa yansıyor","Yeni vergi düzenlemesinin vatandaş üzerindeki yükü artıracağı yönünde eleştiriler yapılıyor. Özellikle dar gelirli kesimlerin bu düzenlemeden olumsuz etkilenebileceği ifade ediliyor. Uzmanlar vergi artışlarının tüketimi ve yaşam standartlarını düşürebileceğini belirtiyor. Kamuoyunda düzenlemeye yönelik tartışmalar sürüyor."
12,notr,Hurriyet,"Vergi düzenlemesi Meclis’te","Yeni vergi düzenlemesi Meclis gündemine taşındı. Yetkililer düzenlemenin kapsamı ve hedefleri hakkında bilgilendirme yaptı. Düzenlemenin ekonomik etkileri farklı açılardan değerlendiriliyor. Sürecin yasama aşaması devam ediyor."

13,yandas,Sabah,"Savunma sanayinde tarihi başarı","Savunma sanayinde yerli üretim kapasitesinin artırılmasıyla önemli başarılar elde edildiği açıklandı. Yetkililer dışa bağımlılığın azaldığını ve milli projelerin hız kazandığını belirtti. Yeni teknolojilerin geliştirilmesiyle birlikte sektörde ilerleme sağlandığı ifade edildi. Türkiye’nin bu alanda daha güçlü bir konuma geldiği vurgulandı."
13,karsit,Sozcu,"Savunma harcamaları tartışma yarattı","Savunma harcamalarındaki artış kamuoyunda tartışma konusu olmaya devam ediyor. Uzmanlar bütçe kaynaklarının farklı alanlara yönlendirilmesi gerektiğini savunuyor. Yapılan harcamaların ekonomik etkileri üzerine farklı görüşler dile getiriliyor. Konunun şeffaflık açısından daha detaylı incelenmesi gerektiği ifade ediliyor."
13,notr,Hurriyet,"Savunma projelerinde yeni gelişmeler","Savunma sanayi alanında yeni projeler kamuoyuna tanıtıldı. Yetkililer yerli üretim çalışmalarının sürdüğünü açıkladı. Sektörde teknolojik gelişmelerin hız kazandığı ifade ediliyor. Projelerin ilerleyişi ilgili kurumlar tarafından takip ediliyor."

14,yandas,Sabah,"Tarımda rekor üretim","Tarım sektöründe bu yıl birçok üründe üretim artışı sağlandığı açıklandı. Yetkililer uygulanan politikaların olumlu sonuç verdiğini belirtti. Çiftçilere sağlanan desteklerin üretimi artırdığı ifade edildi. Tarımda verimliliğin yükselmesiyle birlikte ihracatın da artabileceği vurgulandı."
14,karsit,Sozcu,"Çiftçi maliyetler altında eziliyor","Çiftçiler artan girdi maliyetleri nedeniyle zor günler geçiriyor. Gübre, mazot ve diğer üretim maliyetlerinin yükselmesi üretimi olumsuz etkiliyor. Üreticiler desteklerin yetersiz olduğunu ifade ediyor. Uzmanlar tarım politikalarının yeniden gözden geçirilmesi gerektiğini belirtiyor."
14,notr,Hurriyet,"Tarım verileri açıklandı","Tarım sektörüne ilişkin güncel üretim ve maliyet verileri açıklandı. Yetkililer bazı ürünlerde artış yaşandığını belirtti. Sektördeki gelişmeler farklı yönleriyle değerlendiriliyor. Önümüzdeki dönemde üretim trendlerinin nasıl şekilleneceği merak ediliyor."

15,yandas,Sabah,"Ulaşım yatırımları hız kesmiyor","Ulaşım alanında yapılan yatırımların artarak devam ettiği açıklandı. Yeni projelerle şehir içi ulaşımın daha hızlı ve konforlu hale getirilmesi hedefleniyor. Yetkililer altyapı çalışmalarının planlandığı şekilde ilerlediğini belirtti. Ulaşım projelerinin ekonomik ve sosyal katkı sağlayacağı ifade edildi."
15,karsit,Sozcu,"Ulaşım zamları tepki çekti","Ulaşım ücretlerine yapılan zamlar vatandaşların tepkisini çekiyor. Artan maliyetlerin günlük yaşamı olumsuz etkilediği belirtiliyor. Özellikle büyük şehirlerde ulaşım giderlerinin önemli bir yük haline geldiği ifade ediliyor. Vatandaşlar fiyatların yeniden düzenlenmesini talep ediyor."
15,notr,Hurriyet,"Ulaşımda yeni düzenlemeler","Ulaşım alanında yeni düzenlemeler yürürlüğe girdi. Yetkililer sistemin daha verimli hale getirilmesinin hedeflendiğini açıkladı. Farklı şehirlerde çeşitli uygulamalar devreye alındı. Sürecin etkileri ilerleyen dönemde değerlendirilecek."

16,yandas,Sabah,"İhracatta büyük artış","Türkiye’nin dış ticaret alanında güçlü bir performans sergilediği açıklandı. Yetkililer ihracat rakamlarında önemli artış yaşandığını belirtti. Yeni pazarların açılmasıyla birlikte ticaret hacminin genişlediği ifade edildi. Uzmanlar bu gelişmenin ekonomik büyümeye katkı sağlayacağını vurguladı."
16,karsit,Sozcu,"İthalat bağımlılığı sürüyor","Ekonomistler dış ticaret verilerini değerlendirirken ithalata olan bağımlılığın devam ettiğine dikkat çekiyor. İhracat artışına rağmen dış ticaret açığının sürdüğü ifade ediliyor. Uzmanlar yapısal sorunların çözülmediğini belirtiyor. Ekonomik dengelerin sağlanması için yeni politikalar gerektiği vurgulanıyor."
16,notr,Hurriyet,"Dış ticaret verileri açıklandı","Son döneme ait ihracat ve ithalat verileri kamuoyuyla paylaşıldı. Açıklanan rakamlarda bazı kalemlerde artış gözlemlenirken bazı alanlarda düşüş dikkat çekti. Uzmanlar verileri farklı açılardan değerlendiriyor. Önümüzdeki dönemde dış ticaret trendlerinin nasıl şekilleneceği takip edilecek."

17,yandas,Sabah,"Gençlik projeleri destekleniyor","Gençlere yönelik projelerin artırıldığı ve yeni destek programlarının devreye alındığı açıklandı. Yetkililer bu projelerin gençlerin gelişimine katkı sağlayacağını belirtti. Eğitim ve istihdam alanında çeşitli fırsatlar sunulduğu ifade edildi. Programların uzun vadede olumlu sonuçlar doğurması bekleniyor."
17,karsit,Sozcu,"Genç işsizliği artıyor","Gençler arasında işsizlik oranlarının arttığına dair veriler dikkat çekiyor. Uzmanlar ekonomik koşulların genç istihdamını olumsuz etkilediğini belirtiyor. Mezun olan birçok gencin iş bulmakta zorlandığı ifade ediliyor. Sorunun çözümü için daha kapsamlı politikalar gerektiği vurgulanıyor."
17,notr,Hurriyet,"Gençlik politikalarında yeni adımlar","Gençlere yönelik yeni politikalar ve projeler kamuoyuna duyuruldu. Yetkililer eğitim ve istihdam alanında çeşitli çalışmalar yürütüldüğünü açıkladı. Programların farklı yaş gruplarını kapsadığı ifade edildi. Uygulamaların etkileri ilerleyen dönemde değerlendirilecek."

18,yandas,Sabah,"Adalet sisteminde reform","Adalet sisteminde yapılan yeni düzenlemelerle süreçlerin hızlandırılmasının hedeflendiği açıklandı. Yetkililer reformların yargı sistemini daha etkin hale getireceğini belirtti. Yeni uygulamaların vatandaşların adalete erişimini kolaylaştıracağı ifade edildi. Reform sürecinin kararlılıkla sürdürüleceği vurgulandı."
18,karsit,Sozcu,"Yargıya güven tartışılıyor","Yargı sistemine duyulan güvenin azaldığı yönündeki tartışmalar gündemde yer alıyor. Yapılan anketler vatandaşların önemli bir kısmının yargıya güven duymadığını gösteriyor. Uzmanlar sistemdeki sorunların çözülmesi gerektiğini belirtiyor. Daha şeffaf ve bağımsız bir yapı talep ediliyor."
18,notr,Hurriyet,"Yargı reformu gündemde","Adalet sistemine yönelik yeni reform düzenlemeleri gündeme geldi. Yetkililer sürecin detayları hakkında bilgilendirme yaptı. Farklı kesimler reformların etkilerini değerlendiriyor. Yasal sürecin ilerleyişi yakından takip ediliyor."

19,yandas,Sabah,"Konut projeleri hızla ilerliyor","Yeni konut projelerinin planlanan takvim doğrultusunda ilerlediği açıklandı. Yetkililer bu projelerle barınma sorununa çözüm üretileceğini belirtti. İnşaat çalışmalarının hız kazandığı ifade edildi. Projelerin tamamlanmasıyla birlikte birçok vatandaşın konut sahibi olması bekleniyor."
19,karsit,Sozcu,"Konut fiyatları uçtu","Konut fiyatlarında yaşanan artış vatandaşların ev sahibi olmasını zorlaştırıyor. Özellikle büyük şehirlerde fiyatların hızla yükseldiği ifade ediliyor. Vatandaşlar kira ve konut maliyetlerinden şikayetçi. Uzmanlar piyasada denge sağlanması gerektiğini belirtiyor."
19,notr,Hurriyet,"Konut piyasasında son durum","Konut piyasasına ilişkin güncel veriler açıklandı. Fiyatlar ve arz-talep dengesi üzerine çeşitli değerlendirmeler yapıldı. Uzmanlar piyasadaki değişimleri analiz ediyor. Önümüzdeki dönemde konut sektörünün nasıl şekilleneceği merak ediliyor."

20,yandas,Sabah,"Teknoloji yatırımları artıyor","Türkiye’nin teknoloji alanında yaptığı yatırımların arttığı açıklandı. Yetkililer yerli üretimin desteklendiğini ve yeni projelerin hayata geçirildiğini belirtti. Teknoloji sektöründe büyümenin sürdüğü ifade edildi. Bu gelişmelerin ekonomik kalkınmaya katkı sağlayacağı vurgulandı."
20,karsit,Sozcu,"Teknoloji açığı büyüyor","Uzmanlar teknoloji alanında dışa bağımlılığın devam ettiğine dikkat çekiyor. Yerli üretimin yeterli seviyeye ulaşmadığı ifade ediliyor. Teknoloji açığının ekonomik risk oluşturduğu belirtiliyor. Daha fazla yatırım ve stratejik planlama gerektiği vurgulanıyor."
20,notr,Hurriyet,"Teknoloji sektöründe gelişmeler","Teknoloji sektöründe son dönemde çeşitli gelişmeler yaşandı. Yeni yatırımlar ve iş birlikleri kamuoyuna duyuruldu. Yetkililer sektörün büyüme potansiyeline dikkat çekti. Gelişmelerin etkileri önümüzdeki süreçte değerlendirilecek."

21,yandas,Sabah,"Yeni metro hattı hizmete açıldı","Şehir içi ulaşımı rahatlatacak yeni metro hattı düzenlenen törenle hizmete açıldı. Yetkililer hattın günlük binlerce yolcuya hizmet vereceğini belirtti. Projenin ulaşım süresini önemli ölçüde kısaltacağı ifade edildi. Yatırımın şehir altyapısına büyük katkı sağlayacağı vurgulandı."
21,karsit,Sozcu,"Metro hattı gecikmeli açıldı","Yeni metro hattının planlanandan geç tamamlanması eleştirilere neden oldu. Vatandaşlar uzun süredir bekledikleri projenin gecikmesinden şikayetçi. Uzmanlar projedeki maliyet artışlarına dikkat çekti. Açılışa rağmen bazı eksiklerin sürdüğü ifade edildi."
21,notr,Hurriyet,"Metro hattı kullanıma sunuldu","Yeni metro hattı düzenlenen törenle hizmete açıldı. Hattın şehir içi ulaşımı rahatlatması bekleniyor. Yetkililer kapasite ve güzergah hakkında bilgi verdi. Yolcular hattı kullanmaya başladı."

22,yandas,Sabah,"Yerel festival yoğun ilgi gördü","Düzenlenen yerel festival vatandaşlardan yoğun ilgi gördü. Etkinlikte kültürel faaliyetler ve konserler yer aldı. Yetkililer organizasyonun turizme katkı sağladığını belirtti. Festivalin önümüzdeki yıllarda daha da büyütülmesi planlanıyor."
22,karsit,Sozcu,"Festival organizasyonu eleştirildi","Düzenlenen festival bazı kesimler tarafından eleştirildi. Katılımcılar organizasyonun yetersiz olduğunu ifade etti. Altyapı ve planlama eksikliklerine dikkat çekildi. Etkinlik sonrası tartışmalar devam ediyor."
22,notr,Hurriyet,"Yerel festival gerçekleştirildi","Şehirde düzenlenen festival çeşitli etkinliklerle tamamlandı. Vatandaşlar konser ve gösterilere katıldı. Organizasyon farklı alanlarda etkinliklere sahne oldu. Festivalin genel değerlendirmesi yapılacak."

23,yandas,Sabah,"Spor yatırımları gençleri teşvik ediyor","Yeni spor tesislerinin gençlerin gelişimine katkı sağladığı ifade edildi. Yetkililer yatırımların spor faaliyetlerini artırdığını belirtti. Gençlerin spora yönelmesinin hedeflendiği açıklandı. Projelerin yaygınlaştırılması planlanıyor."
23,karsit,Sozcu,"Spor tesisleri atıl kalıyor","Bazı spor tesislerinin yeterince kullanılmadığı iddia edildi. Vatandaşlar yatırımların verimli değerlendirilmediğini belirtiyor. Uzmanlar planlama eksikliğine dikkat çekiyor. Tesislerin bakım sorunları olduğu ifade ediliyor."
23,notr,Hurriyet,"Spor alanında yeni yatırımlar","Spor alanında yeni tesisler hizmete açıldı. Yetkililer projelerin gençlere yönelik olduğunu belirtti. Tesislerin farklı spor dallarına hizmet verdiği açıklandı. Kullanım oranları takip ediliyor."

24,yandas,Sabah,"Su projeleriyle kaynaklar korunuyor","Su kaynaklarının korunması için yeni projeler hayata geçirildi. Yetkililer sürdürülebilir kullanımın hedeflendiğini belirtti. Projeler sayesinde su tasarrufu sağlandığı ifade edildi. Çalışmaların genişletileceği açıklandı."
24,karsit,Sozcu,"Su sıkıntısı büyüyor","Bazı bölgelerde su kaynaklarının yetersiz olduğu ifade ediliyor. Vatandaşlar kesintilerden şikayetçi. Uzmanlar su yönetiminde sorunlar olduğunu belirtiyor. Önlem alınması gerektiği vurgulanıyor."
24,notr,Hurriyet,"Su yönetimi çalışmaları sürüyor","Su kaynaklarının yönetimi için çeşitli projeler yürütülüyor. Yetkililer yeni uygulamalar hakkında bilgi verdi. Bazı bölgelerde tasarruf önlemleri uygulanıyor. Süreç yakından izleniyor."

25,yandas,Sabah,"Kültür merkezleri yaygınlaşıyor","Yeni kültür merkezleri vatandaşların kullanımına sunuldu. Yetkililer bu merkezlerin sosyal hayatı canlandırdığını belirtti. Etkinlik sayısının arttığı ifade edildi. Projelerin farklı şehirlere yayılması planlanıyor."
25,karsit,Sozcu,"Kültür yatırımları yetersiz","Kültürel faaliyetlere ayrılan bütçenin yetersiz olduğu eleştiriliyor. Sanatçılar destek eksikliğine dikkat çekiyor. Bazı projelerin sürdürülebilir olmadığı ifade ediliyor. Kültür politikaları tartışılıyor."
25,notr,Hurriyet,"Kültür alanında yeni merkezler","Şehirde yeni kültür merkezleri açıldı. Yetkililer merkezlerin farklı etkinliklere ev sahipliği yapacağını belirtti. Vatandaşlar etkinliklere katılmaya başladı. Kullanım oranları değerlendirilecek."

26,yandas,Sabah,"Sanayi üretiminde artış sürüyor","Sanayi üretiminde artış yaşandığı açıklandı. Yetkililer üretim kapasitesinin yükseldiğini belirtti. Yeni yatırımların sektöre katkı sağladığı ifade edildi. Büyümenin devam edeceği öngörülüyor."
26,karsit,Sozcu,"Sanayide maliyet baskısı artıyor","Sanayi sektöründe maliyetlerin arttığı ifade ediliyor. Üreticiler artan giderlerden şikayetçi. Uzmanlar rekabet gücünün zayıfladığını belirtiyor. Sektörde zorluklar yaşanıyor."
26,notr,Hurriyet,"Sanayi verileri paylaşıldı","Sanayi üretimine ilişkin güncel veriler açıklandı. Bazı alanlarda artış gözlemlendi. Uzmanlar verileri değerlendirdi. Sektördeki gelişmeler izleniyor."

27,yandas,Sabah,"Turizm altyapısı güçlendiriliyor","Turizm altyapısını geliştirmek için yeni yatırımlar yapıldı. Yetkililer projelerin sektöre katkı sağlayacağını belirtti. Turist sayısının artması hedefleniyor. Çalışmaların devam edeceği açıklandı."
27,karsit,Sozcu,"Turizmde plansızlık eleştirisi","Turizm yatırımlarında planlama eksikliği olduğu öne sürüldü. Sektör temsilcileri koordinasyon sorunlarına dikkat çekiyor. Bazı projelerin beklenen sonucu vermediği ifade ediliyor. Eleştiriler sürüyor."
27,notr,Hurriyet,"Turizm altyapı çalışmaları","Turizm sektöründe altyapı çalışmaları yürütülüyor. Yetkililer projeler hakkında bilgi verdi. Yatırımların sektöre etkisi değerlendiriliyor. Süreç takip ediliyor."

28,yandas,Sabah,"Enerji verimliliği projeleri başarı sağladı","Enerji verimliliğini artırmaya yönelik projelerin olumlu sonuç verdiği açıklandı. Yetkililer tasarruf oranlarının arttığını belirtti. Yeni uygulamaların yaygınlaştırılacağı ifade edildi. Projeler çevreye katkı sağlıyor."
28,karsit,Sozcu,"Enerji tasarrufu hedefleri tutmadı","Enerji tasarrufu projelerinin beklenen sonuçları vermediği iddia edildi. Uzmanlar uygulamada eksiklikler olduğunu belirtiyor. Verimlilik hedeflerinin altında kalındığı ifade ediliyor. Yeni önlemler gerektiği vurgulanıyor."
28,notr,Hurriyet,"Enerji verimliliği çalışmaları","Enerji verimliliği kapsamında çeşitli projeler yürütülüyor. Yetkililer uygulamaların devam ettiğini açıkladı. Tasarruf oranları değerlendiriliyor. Sürecin etkileri izleniyor."

29,yandas,Sabah,"Yeni hastane hizmete açıldı","Modern donanıma sahip yeni hastane hizmete açıldı. Yetkililer sağlık hizmetlerinin kalitesinin artacağını belirtti. Hastanenin bölgeye önemli katkı sağlayacağı ifade edildi. Yeni yatırımların süreceği vurgulandı."
29,karsit,Sozcu,"Hastane eksikleri tartışma yarattı","Yeni açılan hastanede bazı eksiklikler olduğu iddia edildi. Vatandaşlar hizmet kalitesi konusunda şikayetlerini dile getirdi. Uzmanlar altyapı sorunlarına dikkat çekiyor. Tartışmalar devam ediyor."
29,notr,Hurriyet,"Yeni hastane açıldı","Yeni hastane düzenlenen törenle hizmete açıldı. Yetkililer kapasite ve hizmetler hakkında bilgi verdi. Hastane hasta kabulüne başladı. Süreç izleniyor."

30,yandas,Sabah,"E-ticaret hacmi büyüyor","E-ticaret sektöründe önemli bir büyüme yaşandığı açıklandı. Yetkililer işlem hacminin arttığını belirtti. Dijital dönüşümün sektöre katkı sağladığı ifade edildi. Büyümenin devam etmesi bekleniyor."
30,karsit,Sozcu,"E-ticarette sorunlar artıyor","E-ticaret sektöründe yaşanan sorunlar gündeme geliyor. Tüketiciler teslimat ve hizmet problemlerinden şikayetçi. Uzmanlar denetim eksikliğine dikkat çekiyor. Sektörde düzenleme ihtiyacı olduğu belirtiliyor."
30,notr,Hurriyet,"E-ticaret verileri açıklandı","E-ticaret sektörüne ilişkin güncel veriler paylaşıldı. İşlem hacminde artış gözlemlendi. Uzmanlar sektördeki gelişmeleri değerlendirdi. Sürecin nasıl ilerleyeceği takip ediliyor."

31,yandas,Sabah,"Yeni üniversite kampüsü açıldı","Modern altyapıya sahip yeni üniversite kampüsü düzenlenen törenle açıldı. Yetkililer kampüsün eğitim kalitesine önemli katkı sağlayacağını belirtti. Öğrenciler için sosyal ve akademik imkanların artırıldığı ifade edildi. Projenin bölgeye ekonomik hareketlilik kazandırması bekleniyor."
31,karsit,Sozcu,"Üniversite yatırımı tartışma yarattı","Yeni açılan üniversite kampüsü bazı kesimler tarafından eleştirildi. Uzmanlar yatırımın öncelikleri konusunda soru işaretleri olduğunu ifade etti. Eğitim kalitesinden çok fiziksel yatırımlara odaklanıldığı savunuluyor. Tartışmalar kamuoyunda sürüyor."
31,notr,Hurriyet,"Yeni üniversite kampüsü hizmete girdi","Yeni üniversite kampüsü düzenlenen törenle açıldı. Kampüste eğitim ve sosyal alanların yer aldığı belirtildi. Yetkililer kapasite ve imkanlar hakkında bilgi verdi. Öğrenciler kampüsü kullanmaya başladı."

32,yandas,Sabah,"Yeni otoyol projesi ulaşıma katkı sağlayacak","Başlatılan otoyol projesiyle ulaşımın daha hızlı ve güvenli hale gelmesi hedefleniyor. Yetkililer projenin şehirler arası bağlantıyı güçlendireceğini belirtti. Altyapı çalışmalarının planlandığı şekilde ilerlediği ifade edildi. Projenin ekonomik katkı sağlaması bekleniyor."
32,karsit,Sozcu,"Otoyol projesine çevre tepkisi","Yeni otoyol projesi çevreciler tarafından eleştiriliyor. Projenin doğal alanlara zarar vereceği iddia ediliyor. Uzmanlar alternatif çözümlerin değerlendirilmesi gerektiğini belirtiyor. Tartışmalar devam ediyor."
32,notr,Hurriyet,"Otoyol projesi başlatıldı","Yeni otoyol projesinin yapımına başlandı. Yetkililer proje hakkında teknik bilgiler paylaştı. Çalışmaların belirli aşamalar halinde ilerleyeceği ifade edildi. Projenin tamamlanma süresi açıklandı."

33,yandas,Sabah,"Yeni yazılım merkezi açıldı","Teknoloji alanında faaliyet gösterecek yeni yazılım merkezi hizmete açıldı. Yetkililer merkezin yerli yazılım üretimini destekleyeceğini belirtti. Genç girişimcilere çeşitli imkanlar sunulacağı ifade edildi. Projenin teknoloji ekosistemine katkı sağlayacağı vurgulandı."
33,karsit,Sozcu,"Yazılım merkezi yeterli destek alamıyor","Açılan yazılım merkezinin beklenen ilgiyi görmediği ifade ediliyor. Girişimciler desteklerin yetersiz olduğunu belirtiyor. Uzmanlar proje planlamasında eksiklikler olduğunu söylüyor. Merkezin sürdürülebilirliği tartışılıyor."
33,notr,Hurriyet,"Yazılım merkezi faaliyete geçti","Yeni yazılım merkezi faaliyetlerine başladı. Yetkililer merkezin hedefleri hakkında bilgi verdi. Girişimcilere çeşitli destek programları sunuluyor. Sürecin etkileri izleniyor."

34,yandas,Sabah,"Yeni park alanları hizmete sunuldu","Şehirde yeni park ve yeşil alan projeleri tamamlandı. Yetkililer bu alanların yaşam kalitesini artıracağını belirtti. Vatandaşların sosyal alanlardan daha fazla faydalanacağı ifade edildi. Projelerin farklı bölgelerde devam edeceği açıklandı."
34,karsit,Sozcu,"Park projeleri yetersiz bulundu","Yeni park projeleri bazı vatandaşlar tarafından yetersiz bulundu. Alanların küçük olduğu ve ihtiyaçları karşılamadığı ifade ediliyor. Uzmanlar şehir planlamasında eksiklikler olduğunu belirtiyor. Eleştiriler sürüyor."
34,notr,Hurriyet,"Yeni park alanları açıldı","Şehirde yeni park alanları hizmete açıldı. Yetkililer projeler hakkında bilgi verdi. Vatandaşlar alanları kullanmaya başladı. Projelerin etkileri değerlendirilecek."

35,yandas,Sabah,"Yerel üreticilere destek artıyor","Yerel üreticilere yönelik destek programlarının artırıldığı açıklandı. Yetkililer bu desteklerin üretimi teşvik edeceğini belirtti. Küçük işletmelerin güçlendirilmesi hedefleniyor. Programların ekonomik katkı sağlaması bekleniyor."
35,karsit,Sozcu,"Üreticiler desteklerden yararlanamıyor","Bazı üreticiler destek programlarından yeterince faydalanamadıklarını ifade ediyor. Bürokratik süreçlerin zor olduğu belirtiliyor. Uzmanlar sistemin daha erişilebilir olması gerektiğini vurguluyor. Sorunların çözümü talep ediliyor."
35,notr,Hurriyet,"Üreticilere destek programı açıklandı","Yerel üreticilere yönelik yeni destek programı duyuruldu. Yetkililer programın kapsamı hakkında bilgi verdi. Başvuruların alınmaya başlandığı ifade edildi. Programın etkileri takip edilecek."

36,yandas,Sabah,"Yeni lojistik merkez faaliyete geçti","Bölgesel ticareti destekleyecek yeni lojistik merkez açıldı. Yetkililer merkezin taşımacılık kapasitesini artıracağını belirtti. Projenin ticaret hacmine katkı sağlayacağı ifade edildi. Lojistik altyapının güçlendirildiği vurgulandı."
36,karsit,Sozcu,"Lojistik merkez maliyet tartışması yarattı","Yeni lojistik merkezin maliyeti tartışma konusu oldu. Uzmanlar yatırımın geri dönüşü konusunda soru işaretleri olduğunu belirtiyor. Bazı kesimler kaynakların farklı alanlara yönlendirilmesi gerektiğini savunuyor. Tartışmalar sürüyor."
36,notr,Hurriyet,"Lojistik merkez hizmete açıldı","Yeni lojistik merkez düzenlenen törenle açıldı. Yetkililer merkezin kapasitesi hakkında bilgi verdi. Ticaret faaliyetlerine katkı sağlaması bekleniyor. Süreç izleniyor."

37,yandas,Sabah,"Yeni eğitim kampanyası başlatıldı","Eğitim alanında farkındalık oluşturmak amacıyla yeni kampanya başlatıldı. Yetkililer kampanyanın öğrenci başarısını artırmayı hedeflediğini belirtti. Program kapsamında çeşitli etkinlikler düzenlenecek. Kampanyanın geniş kitlelere ulaşması planlanıyor."
37,karsit,Sozcu,"Eğitim kampanyası etkisiz bulundu","Başlatılan eğitim kampanyasının beklenen etkiyi yaratmadığı iddia ediliyor. Öğretmenler uygulamanın yetersiz olduğunu belirtiyor. Uzmanlar daha kapsamlı çözümler gerektiğini ifade ediyor. Tartışmalar devam ediyor."
37,notr,Hurriyet,"Eğitim kampanyası duyuruldu","Yeni eğitim kampanyası kamuoyuna duyuruldu. Yetkililer kampanyanın hedefleri hakkında bilgi verdi. Program kapsamında çeşitli etkinlikler planlandı. Süreç takip edilecek."

38,yandas,Sabah,"Yeni enerji santrali üretime başladı","Yeni enerji santralinin üretime başladığı açıklandı. Yetkililer tesisin enerji arzına katkı sağlayacağını belirtti. Üretim kapasitesinin artırıldığı ifade edildi. Projenin enerji ihtiyacını karşılamaya yardımcı olacağı vurgulandı."
38,karsit,Sozcu,"Enerji santrali çevre tartışması yarattı","Yeni enerji santralinin çevresel etkileri tartışma konusu oldu. Uzmanlar doğaya zarar verebileceğini belirtiyor. Çevreciler projeye karşı çıkıyor. Alternatif çözümler öneriliyor."
38,notr,Hurriyet,"Enerji santrali devreye alındı","Yeni enerji santrali üretime başladı. Yetkililer tesis hakkında teknik bilgi verdi. Enerji kapasitesine katkı sağlaması bekleniyor. Süreç izleniyor."

39,yandas,Sabah,"KOBİ destekleri artırıldı","Küçük ve orta ölçekli işletmelere yönelik desteklerin artırıldığı açıklandı. Yetkililer bu adımın ekonomiyi canlandıracağını belirtti. İşletmelerin büyümesinin hedeflendiği ifade edildi. Destek programlarının süreceği vurgulandı."
39,karsit,Sozcu,"KOBİ’ler desteklere ulaşamıyor","KOBİ’lerin destek programlarına erişimde zorluk yaşadığı ifade ediliyor. İşletmeler bürokratik engellerden şikayetçi. Uzmanlar sistemin sadeleştirilmesi gerektiğini belirtiyor. Sorunların çözümü talep ediliyor."
39,notr,Hurriyet,"KOBİ destek programı açıklandı","KOBİ’lere yönelik yeni destek programı duyuruldu. Yetkililer programın detaylarını paylaştı. Başvuru sürecinin başladığı ifade edildi. Programın etkileri değerlendirilecek."

40,yandas,Sabah,"Dijital dönüşüm projeleri hızlanıyor","Dijital dönüşüm kapsamında yeni projelerin hayata geçirildiği açıklandı. Yetkililer bu projelerin verimliliği artıracağını belirtti. Kamu ve özel sektörde dönüşüm süreci hızlanıyor. Projelerin ekonomiye katkı sağlaması bekleniyor."
40,karsit,Sozcu,"Dijital dönüşümde gecikme eleştirisi","Dijital dönüşüm projelerinin yavaş ilerlediği yönünde eleştiriler yapılıyor. Uzmanlar altyapı eksikliklerine dikkat çekiyor. Sürecin hızlandırılması gerektiği ifade ediliyor. Tartışmalar devam ediyor."
40,notr,Hurriyet,"Dijital dönüşüm projeleri gündemde","Dijital dönüşüm projeleriyle ilgili yeni gelişmeler açıklandı. Yetkililer süreç hakkında bilgi verdi. Çeşitli sektörlerde uygulamalar başlatıldı. Projelerin etkileri izleniyor."

41,yandas,Sabah,"Yeni hızlı tren hattı hizmete girdi","Yeni hızlı tren hattı düzenlenen törenle hizmete açıldı. Yetkililer hattın şehirler arası ulaşımı önemli ölçüde hızlandıracağını belirtti. Projenin ekonomik ve turistik hareketliliği artırması bekleniyor. Yolcular hattı kullanmaya başladı."
41,karsit,Sozcu,"Hızlı tren hattında eksikler dikkat çekti","Yeni açılan hızlı tren hattında bazı eksiklikler olduğu iddia edildi. Yolcular hizmet kalitesine yönelik şikayetlerde bulundu. Uzmanlar projenin yeterince hazır olmadan açıldığını savunuyor. Tartışmalar devam ediyor."
41,notr,Hurriyet,"Hızlı tren hattı açıldı","Yeni hızlı tren hattı hizmete girdi. Yetkililer proje hakkında bilgi verdi. Ulaşım süresinin kısalması bekleniyor. Kullanım süreci başladı."

42,yandas,Sabah,"Tarım destek ödemeleri çiftçiyi rahatlattı","Çiftçilere yönelik destek ödemelerinin yapıldığı açıklandı. Yetkililer bu adımın üretimi artıracağını belirtti. Tarım sektöründe olumlu bir etki beklendiği ifade edildi. Desteklerin devam edeceği vurgulandı."
42,karsit,Sozcu,"Çiftçiler desteklerin yetersiz olduğunu söylüyor","Çiftçiler yapılan desteklerin maliyetleri karşılamadığını belirtiyor. Artan giderlerin üretimi zorlaştırdığı ifade ediliyor. Uzmanlar daha kapsamlı politikalar gerektiğini söylüyor. Sorunlar sürüyor."
42,notr,Hurriyet,"Tarım destek ödemeleri yapıldı","Tarım destek ödemeleri üreticilere ulaştırıldı. Yetkililer program hakkında bilgi verdi. Çiftçilerin destekten faydalandığı belirtildi. Süreç takip ediliyor."

43,yandas,Sabah,"Yeni havaalanı kapasiteyi artırdı","Yeni havaalanı yatırımıyla yolcu kapasitesinin artırıldığı açıklandı. Yetkililer projenin ulaşım altyapısını güçlendirdiğini belirtti. Turizm ve ticarete katkı sağlaması bekleniyor. Havaalanı hizmet vermeye başladı."
43,karsit,Sozcu,"Havaalanı maliyeti eleştiriliyor","Yeni havaalanı projesinin maliyeti tartışma konusu oldu. Uzmanlar yatırımın bütçe üzerindeki etkisine dikkat çekiyor. Bazı kesimler kaynakların farklı alanlara ayrılması gerektiğini savunuyor. Tartışmalar sürüyor."
43,notr,Hurriyet,"Yeni havaalanı açıldı","Yeni havaalanı düzenlenen törenle açıldı. Yetkililer kapasite ve hizmetler hakkında bilgi verdi. Uçuşlar başladı. Süreç izleniyor."

44,yandas,Sabah,"Yeni sanayi bölgesi üretimi artıracak","Kurulan yeni sanayi bölgesinin üretim kapasitesini artıracağı açıklandı. Yetkililer yatırımların istihdam yaratacağını belirtti. Bölgenin ekonomik gelişime katkı sağlayacağı ifade edildi. Projelerin devam edeceği vurgulandı."
44,karsit,Sozcu,"Sanayi bölgesi çevre kaygısı yarattı","Yeni sanayi bölgesi çevreye etkileri nedeniyle eleştiriliyor. Uzmanlar çevresel risklere dikkat çekiyor. Vatandaşlar projeye karşı çıkıyor. Tartışmalar sürüyor."
44,notr,Hurriyet,"Sanayi bölgesi faaliyete geçti","Yeni sanayi bölgesi üretime başladı. Yetkililer proje hakkında bilgi verdi. Bölgenin ekonomiye katkı sağlaması bekleniyor. Süreç takip ediliyor."

45,yandas,Sabah,"Turizm kampanyası ilgi gördü","Başlatılan turizm kampanyasının yoğun ilgi gördüğü açıklandı. Yetkililer turist sayısında artış yaşandığını belirtti. Kampanyanın sektöre katkı sağladığı ifade edildi. Çalışmaların devam edeceği vurgulandı."
45,karsit,Sozcu,"Turizm kampanyası beklenen etkiyi yaratmadı","Turizm kampanyasının beklenen sonucu vermediği ifade ediliyor. Sektör temsilcileri hedeflerin tutmadığını belirtiyor. Uzmanlar stratejinin gözden geçirilmesi gerektiğini söylüyor. Tartışmalar devam ediyor."
45,notr,Hurriyet,"Turizm kampanyası başlatıldı","Yeni turizm kampanyası duyuruldu. Yetkililer kampanyanın hedeflerini açıkladı. Tanıtım faaliyetleri başladı. Sürecin etkileri değerlendirilecek."

46,yandas,Sabah,"Yeni eğitim merkezi hizmete açıldı","Eğitim alanında faaliyet gösterecek yeni merkez açıldı. Yetkililer merkezin öğrencilere katkı sağlayacağını belirtti. Modern imkanların sunulduğu ifade edildi. Projenin yaygınlaştırılması planlanıyor."
46,karsit,Sozcu,"Eğitim merkezi eleştirilerin hedefinde","Yeni eğitim merkezinin yetersiz olduğu iddia edildi. Öğrenciler ve veliler eksikliklere dikkat çekiyor. Uzmanlar planlama sorunları olduğunu belirtiyor. Tartışmalar sürüyor."
46,notr,Hurriyet,"Eğitim merkezi açıldı","Yeni eğitim merkezi hizmete girdi. Yetkililer merkezin kapasitesi hakkında bilgi verdi. Öğrenciler kullanmaya başladı. Süreç izleniyor."

47,yandas,Sabah,"Sağlık kampanyası başarı sağladı","Başlatılan sağlık kampanyasının olumlu sonuç verdiği açıklandı. Yetkililer katılımın yüksek olduğunu belirtti. Programın toplum sağlığına katkı sağladığı ifade edildi. Kampanyanın devam edeceği vurgulandı."
47,karsit,Sozcu,"Sağlık kampanyası yetersiz bulundu","Sağlık kampanyasının beklenen etkiyi yaratmadığı ifade ediliyor. Vatandaşlar uygulamanın sınırlı kaldığını belirtiyor. Uzmanlar daha kapsamlı çalışmalar gerektiğini söylüyor. Eleştiriler sürüyor."
47,notr,Hurriyet,"Sağlık kampanyası düzenlendi","Yeni sağlık kampanyası düzenlendi. Yetkililer program hakkında bilgi verdi. Katılım sağlandı. Sonuçlar değerlendirilecek."

48,yandas,Sabah,"Yeni teknoloji fuarı büyük ilgi gördü","Düzenlenen teknoloji fuarı yoğun katılımla gerçekleştirildi. Yetkililer etkinliğin sektöre katkı sağladığını belirtti. Yeni ürünler tanıtıldı. Fuarın büyütülmesi planlanıyor."
48,karsit,Sozcu,"Teknoloji fuarı beklentiyi karşılamadı","Teknoloji fuarının beklenen ilgiyi görmediği ifade ediliyor. Katılımcılar organizasyonu eleştiriyor. Uzmanlar etkinliğin yetersiz olduğunu belirtiyor. Tartışmalar sürüyor."
48,notr,Hurriyet,"Teknoloji fuarı düzenlendi","Teknoloji fuarı gerçekleştirildi. Yetkililer etkinlik hakkında bilgi verdi. Katılım sağlandı. Değerlendirme yapılacak."

49,yandas,Sabah,"Yeni konut kredisi desteği açıklandı","Konut alımını kolaylaştırmak amacıyla yeni kredi desteği açıklandı. Yetkililer vatandaşların ev sahibi olmasının hedeflendiğini belirtti. Programın piyasaya katkı sağlayacağı ifade edildi. Uygulamanın yakında başlayacağı duyuruldu."
49,karsit,Sozcu,"Konut kredisi desteği yetersiz bulundu","Açıklanan kredi desteğinin yeterli olmadığı ifade ediliyor. Vatandaşlar yüksek faiz oranlarından şikayetçi. Uzmanlar programın sınırlı etkisi olacağını belirtiyor. Eleştiriler sürüyor."
49,notr,Hurriyet,"Konut kredisi desteği açıklandı","Yeni konut kredisi desteği duyuruldu. Yetkililer programın detaylarını paylaştı. Başvuru süreci başlayacak. Etkileri izlenecek."

50,yandas,Sabah,"Yeni dijital platform kullanıma açıldı","Yeni dijital platform vatandaşların kullanımına sunuldu. Yetkililer hizmetlere erişimin kolaylaşacağını belirtti. Platformun geniş kapsamlı olduğu ifade edildi. Kullanımın yaygınlaşması bekleniyor."
50,karsit,Sozcu,"Dijital platform sorunlarla başladı","Yeni dijital platformun teknik sorunlarla başladığı iddia edildi. Kullanıcılar erişim problemleri yaşadığını belirtiyor. Uzmanlar altyapı eksikliğine dikkat çekiyor. Sorunların çözülmesi bekleniyor."
50,notr,Hurriyet,"Dijital platform hizmete girdi","Yeni dijital platform kullanıma açıldı. Yetkililer sistem hakkında bilgi verdi. Vatandaşlar hizmetlerden yararlanmaya başladı. Süreç takip ediliyor."

51,yandas,Sabah,"Yeni liman projesi ticareti canlandıracak","Yeni liman projesinin tamamlanmasıyla birlikte bölgesel ticaretin artması bekleniyor. Yetkililer limanın lojistik kapasiteyi güçlendireceğini belirtti. İhracat faaliyetlerinin hızlanacağı ifade edildi. Projenin ekonomik katkı sağlayacağı vurgulandı."
51,karsit,Sozcu,"Liman projesine yerel halktan tepki","Yeni liman projesi çevresel ve sosyal etkileri nedeniyle eleştiriliyor. Bölge halkı yaşam alanlarının olumsuz etkileneceğini savunuyor. Uzmanlar proje planlamasının yetersiz olduğunu belirtiyor. Tartışmalar sürüyor."
51,notr,Hurriyet,"Liman projesi tamamlandı","Yeni liman projesi tamamlanarak hizmete açıldı. Yetkililer proje hakkında teknik bilgiler paylaştı. Limanın ticari faaliyetlere katkı sağlaması bekleniyor. Süreç izleniyor."

52,yandas,Sabah,"Yeni sosyal yardım programı devreye alındı","Dar gelirli vatandaşlara yönelik yeni sosyal yardım programı başlatıldı. Yetkililer programın ihtiyaç sahiplerine destek olacağını belirtti. Yardımların düzenli şekilde yapılacağı ifade edildi. Programın kapsamının genişletileceği açıklandı."
52,karsit,Sozcu,"Sosyal yardımlar yetersiz kaldı","Yeni sosyal yardım programının beklentileri karşılamadığı ifade ediliyor. Vatandaşlar destek miktarının yetersiz olduğunu belirtiyor. Uzmanlar programın daha kapsamlı olması gerektiğini vurguluyor. Eleştiriler sürüyor."
52,notr,Hurriyet,"Sosyal yardım programı başlatıldı","Yeni sosyal yardım programı kamuoyuna duyuruldu. Yetkililer programın detayları hakkında bilgi verdi. Başvurular alınmaya başlandı. Sürecin etkileri değerlendirilecek."

53,yandas,Sabah,"Yeni spor kompleksi açıldı","Modern donanıma sahip spor kompleksi hizmete açıldı. Yetkililer tesisin gençlerin spor faaliyetlerine katılımını artıracağını belirtti. Kompleksin farklı branşlara hizmet vereceği ifade edildi. Projenin yaygınlaştırılması planlanıyor."
53,karsit,Sozcu,"Spor kompleksi atıl kalabilir","Yeni açılan spor kompleksinin yeterince kullanılmayacağı yönünde eleştiriler yapılıyor. Vatandaşlar tesisin uzak konumda olduğunu belirtiyor. Uzmanlar planlama eksikliklerine dikkat çekiyor. Tartışmalar devam ediyor."
53,notr,Hurriyet,"Spor kompleksi hizmete girdi","Yeni spor kompleksi kullanıma açıldı. Yetkililer tesis hakkında bilgi verdi. Farklı spor dalları için alanlar oluşturuldu. Kullanım süreci başladı."

54,yandas,Sabah,"Yeni çevre projesi başarı sağladı","Çevre koruma amacıyla başlatılan proje olumlu sonuçlar verdi. Yetkililer doğal alanların korunmasına katkı sağlandığını belirtti. Proje kapsamında çeşitli çalışmalar yürütüldü. Uygulamaların devam edeceği açıklandı."
54,karsit,Sozcu,"Çevre projesi eleştirildi","Başlatılan çevre projesi bazı kesimler tarafından yetersiz bulundu. Uzmanlar uygulamaların sınırlı kaldığını ifade ediyor. Daha kapsamlı çözümler gerektiği belirtiliyor. Tartışmalar sürüyor."
54,notr,Hurriyet,"Çevre projesi yürütülüyor","Çevre alanında başlatılan proje kapsamında çalışmalar devam ediyor. Yetkililer uygulamalar hakkında bilgi verdi. Farklı bölgelerde faaliyetler yürütülüyor. Süreç izleniyor."

55,yandas,Sabah,"Yeni eğitim bursları açıklandı","Öğrencilere yönelik yeni burs programı duyuruldu. Yetkililer programın eğitimde fırsat eşitliğini artıracağını belirtti. Başvuru sürecinin başladığı ifade edildi. Programın genişletileceği açıklandı."
55,karsit,Sozcu,"Burs programı yetersiz bulundu","Açıklanan burs programının kapsamı eleştiriliyor. Öğrenciler desteklerin yetersiz olduğunu belirtiyor. Uzmanlar daha geniş kapsamlı programlar gerektiğini ifade ediyor. Eleştiriler sürüyor."
55,notr,Hurriyet,"Eğitim burs programı duyuruldu","Yeni burs programı kamuoyuna açıklandı. Yetkililer program hakkında bilgi verdi. Başvurular alınmaya başlandı. Sürecin sonuçları değerlendirilecek."

56,yandas,Sabah,"Yeni tarım teknolojileri uygulanıyor","Tarım sektöründe yeni teknolojilerin kullanılmaya başlandığı açıklandı. Yetkililer verimliliğin arttığını belirtti. Modern yöntemlerin üretime katkı sağladığı ifade edildi. Uygulamaların yaygınlaştırılması planlanıyor."
56,karsit,Sozcu,"Tarımda teknoloji kullanımı sınırlı","Tarım sektöründe teknoloji kullanımının yetersiz olduğu ifade ediliyor. Çiftçiler yeni sistemlere erişimde zorluk yaşıyor. Uzmanlar desteklerin artırılması gerektiğini belirtiyor. Sorunlar sürüyor."
56,notr,Hurriyet,"Tarımda teknoloji uygulamaları","Tarım alanında yeni teknolojiler kullanılmaya başlandı. Yetkililer uygulamalar hakkında bilgi verdi. Verimlilik üzerindeki etkiler değerlendiriliyor. Süreç izleniyor."

57,yandas,Sabah,"Yeni ulaşım kartı sistemi devreye girdi","Toplu taşımada kullanılacak yeni kart sistemi hizmete alındı. Yetkililer sistemin kullanım kolaylığı sağlayacağını belirtti. Teknolojik altyapının güçlendirildiği ifade edildi. Vatandaşlar sistemi kullanmaya başladı."
57,karsit,Sozcu,"Ulaşım kartı sisteminde sorunlar","Yeni ulaşım kartı sisteminde teknik sorunlar yaşandığı iddia edildi. Kullanıcılar erişim problemleri yaşadıklarını belirtiyor. Uzmanlar altyapı eksikliğine dikkat çekiyor. Sorunların çözülmesi bekleniyor."
57,notr,Hurriyet,"Yeni ulaşım kartı sistemi başladı","Yeni ulaşım kartı sistemi devreye alındı. Yetkililer sistem hakkında bilgi verdi. Vatandaşlar kullanmaya başladı. Süreç takip ediliyor."

58,yandas,Sabah,"Yeni istihdam programı başlatıldı","İşsizliği azaltmak amacıyla yeni istihdam programı başlatıldı. Yetkililer programın iş imkanlarını artıracağını belirtti. Özellikle gençlere yönelik fırsatlar sunulduğu ifade edildi. Programın devam edeceği açıklandı."
58,karsit,Sozcu,"İstihdam programı etkisiz kaldı","Başlatılan istihdam programının beklenen etkiyi yaratmadığı ifade ediliyor. İşsizliğin devam ettiği belirtiliyor. Uzmanlar programın yetersiz olduğunu söylüyor. Yeni çözümler gerektiği vurgulanıyor."
58,notr,Hurriyet,"İstihdam programı duyuruldu","Yeni istihdam programı kamuoyuna duyuruldu. Yetkililer programın hedeflerini açıkladı. Başvurular alınmaya başlandı. Süreç izleniyor."

59,yandas,Sabah,"Yeni enerji hattı tamamlandı","Enerji iletim hattının tamamlandığı açıklandı. Yetkililer hattın enerji arzını güçlendireceğini belirtti. Projenin kesintileri azaltacağı ifade edildi. Enerji altyapısının güçlendirildiği vurgulandı."
59,karsit,Sozcu,"Enerji hattı maliyet eleştirisi aldı","Yeni enerji hattı projesinin maliyeti eleştiriliyor. Uzmanlar yatırımın ekonomik yük oluşturduğunu belirtiyor. Alternatif çözümler öneriliyor. Tartışmalar sürüyor."
59,notr,Hurriyet,"Enerji hattı tamamlandı","Yeni enerji hattı tamamlanarak devreye alındı. Yetkililer proje hakkında bilgi verdi. Enerji iletim kapasitesinin artması bekleniyor. Süreç takip ediliyor."

60,yandas,Sabah,"Yeni dijital eğitim platformu yayında","Eğitim alanında kullanılacak yeni dijital platform hizmete açıldı. Yetkililer platformun öğrenmeyi kolaylaştıracağını belirtti. Öğrencilerin erişiminin artırıldığı ifade edildi. Platformun yaygınlaştırılması planlanıyor."
60,karsit,Sozcu,"Dijital eğitim platformu eleştirildi","Yeni dijital platformun yetersiz olduğu iddia edildi. Kullanıcılar teknik sorunlardan şikayetçi. Uzmanlar altyapı eksikliklerine dikkat çekiyor. Platformun geliştirilmesi gerektiği ifade ediliyor."
60,notr,Hurriyet,"Dijital eğitim platformu açıldı","Yeni dijital eğitim platformu kullanıma sunuldu. Yetkililer sistem hakkında bilgi verdi. Öğrenciler platformu kullanmaya başladı. Süreç izleniyor."

61,yandas,Sabah,"Yeni şehir hastanesi kapasiteyi artırdı","Şehirde hizmete giren yeni hastane ile sağlık kapasitesinin önemli ölçüde arttığı açıklandı. Yetkililer hastanenin modern donanımlara sahip olduğunu belirtti. Hasta yoğunluğunun azalması hedefleniyor. Projenin sağlık hizmetlerine katkı sağlayacağı vurgulandı."
61,karsit,Sozcu,"Şehir hastanesinde eksikler gündemde","Yeni açılan şehir hastanesinde çeşitli eksiklikler olduğu iddia ediliyor. Vatandaşlar hizmet kalitesi konusunda şikayetlerini dile getiriyor. Uzmanlar altyapı sorunlarına dikkat çekiyor. Tartışmalar devam ediyor."
61,notr,Hurriyet,"Şehir hastanesi hizmete açıldı","Yeni şehir hastanesi düzenlenen törenle açıldı. Yetkililer kapasite ve hizmetler hakkında bilgi verdi. Hastane hasta kabulüne başladı. Süreç izleniyor."

62,yandas,Sabah,"Yeni demiryolu projesi başlatıldı","Yeni demiryolu projesinin ulaşım altyapısını güçlendireceği açıklandı. Yetkililer projenin ticarete katkı sağlayacağını belirtti. Çalışmaların planlandığı şekilde ilerlediği ifade edildi. Projenin ekonomik fayda sağlaması bekleniyor."
62,karsit,Sozcu,"Demiryolu projesine bütçe eleştirisi","Yeni demiryolu projesinin maliyeti eleştiri konusu oldu. Uzmanlar bütçe planlamasında sorunlar olduğunu belirtiyor. Kaynakların farklı alanlara ayrılması gerektiği savunuluyor. Tartışmalar sürüyor."
62,notr,Hurriyet,"Demiryolu projesi başladı","Yeni demiryolu projesi için çalışmalar başlatıldı. Yetkililer proje hakkında bilgi verdi. İnşaat sürecinin belirli aşamalarda ilerleyeceği belirtildi. Süreç takip ediliyor."

63,yandas,Sabah,"Yeni çevre düzenlemesi olumlu karşılandı","Çevre koruma kapsamında yapılan yeni düzenlemelerin olumlu sonuçlar verdiği açıklandı. Yetkililer doğal alanların korunmasının hedeflendiğini belirtti. Uygulamaların genişletileceği ifade edildi. Çalışmaların devam edeceği vurgulandı."
63,karsit,Sozcu,"Çevre düzenlemesi yetersiz bulundu","Yeni çevre düzenlemesinin yeterli olmadığı yönünde eleştiriler yapılıyor. Uzmanlar uygulamaların sınırlı kaldığını belirtiyor. Daha kapsamlı önlemler gerektiği ifade ediliyor. Tartışmalar devam ediyor."
63,notr,Hurriyet,"Çevre düzenlemesi yürürlüğe girdi","Yeni çevre düzenlemesi yürürlüğe girdi. Yetkililer düzenlemenin kapsamı hakkında bilgi verdi. Uygulamalar farklı bölgelerde başladı. Süreç izleniyor."

64,yandas,Sabah,"Yeni ticaret anlaşması ekonomiye katkı sağlayacak","İmzalanan yeni ticaret anlaşmasının ihracatı artıracağı açıklandı. Yetkililer anlaşmanın ekonomik ilişkileri güçlendireceğini belirtti. Yeni pazarların açılacağı ifade edildi. Anlaşmanın uzun vadeli katkı sağlayacağı vurgulandı."
64,karsit,Sozcu,"Ticaret anlaşmasına eleştiri","Yeni ticaret anlaşmasının bazı sektörleri olumsuz etkileyebileceği iddia ediliyor. Uzmanlar anlaşmanın dengeli olmadığını savunuyor. Yerli üreticilerin zarar görebileceği ifade ediliyor. Tartışmalar sürüyor."
64,notr,Hurriyet,"Ticaret anlaşması imzalandı","Yeni ticaret anlaşması taraflar arasında imzalandı. Yetkililer anlaşmanın detaylarını paylaştı. Ekonomik etkiler değerlendiriliyor. Süreç takip ediliyor."

65,yandas,Sabah,"Yeni ulaşım köprüsü hizmete girdi","Şehirde ulaşımı rahatlatacak yeni köprü hizmete açıldı. Yetkililer köprünün trafik yoğunluğunu azaltacağını belirtti. Projenin altyapıya katkı sağlayacağı ifade edildi. Vatandaşlar köprüyü kullanmaya başladı."
65,karsit,Sozcu,"Köprü projesine maliyet eleştirisi","Yeni köprü projesinin maliyeti tartışma yarattı. Uzmanlar yatırımın bütçeye yük getirdiğini belirtiyor. Alternatif çözümler öneriliyor. Tartışmalar devam ediyor."
65,notr,Hurriyet,"Yeni köprü açıldı","Yeni köprü hizmete açıldı. Yetkililer proje hakkında bilgi verdi. Trafiğin rahatlaması bekleniyor. Kullanım süreci başladı."

66,yandas,Sabah,"Yeni kültür festivali turizmi canlandırdı","Düzenlenen kültür festivalinin turizm hareketliliğini artırdığı açıklandı. Yetkililer etkinliğin yoğun ilgi gördüğünü belirtti. Festival kapsamında çeşitli aktiviteler gerçekleştirildi. Etkinliğin devam edeceği vurgulandı."
66,karsit,Sozcu,"Festival organizasyonu eleştirildi","Kültür festivalinin organizasyonu eleştirilerin hedefi oldu. Katılımcılar planlama sorunlarına dikkat çekti. Uzmanlar etkinliğin yetersiz olduğunu belirtiyor. Tartışmalar sürüyor."
66,notr,Hurriyet,"Kültür festivali düzenlendi","Kültür festivali çeşitli etkinliklerle gerçekleştirildi. Yetkililer program hakkında bilgi verdi. Katılım sağlandı. Değerlendirme yapılacak."

67,yandas,Sabah,"Yeni teknoloji yatırımı büyümeyi destekliyor","Teknoloji alanında yapılan yeni yatırımın sektöre katkı sağladığı açıklandı. Yetkililer üretim kapasitesinin arttığını belirtti. Yenilikçi projelerin desteklendiği ifade edildi. Büyümenin devam edeceği vurgulandı."
67,karsit,Sozcu,"Teknoloji yatırımı yetersiz bulundu","Yeni teknoloji yatırımının sınırlı kaldığı yönünde eleştiriler yapılıyor. Uzmanlar daha büyük yatırımlar gerektiğini belirtiyor. Sektörde rekabet gücünün düşük olduğu ifade ediliyor. Tartışmalar sürüyor."
67,notr,Hurriyet,"Teknoloji yatırımı açıklandı","Yeni teknoloji yatırımı kamuoyuna duyuruldu. Yetkililer proje hakkında bilgi verdi. Sektöre katkı sağlaması bekleniyor. Süreç izleniyor."

68,yandas,Sabah,"Yeni enerji depolama sistemi kuruldu","Enerji depolama kapasitesini artıracak yeni sistem devreye alındı. Yetkililer sistemin enerji arz güvenliğini güçlendireceğini belirtti. Teknolojik altyapının geliştirildiği ifade edildi. Projenin yaygınlaştırılması planlanıyor."
68,karsit,Sozcu,"Enerji sistemi verimsiz bulundu","Yeni enerji sisteminin beklenen verimi sağlamadığı iddia ediliyor. Uzmanlar teknik sorunlara dikkat çekiyor. Sistem maliyetinin yüksek olduğu ifade ediliyor. Eleştiriler sürüyor."
68,notr,Hurriyet,"Enerji depolama sistemi kuruldu","Yeni enerji depolama sistemi devreye alındı. Yetkililer sistem hakkında bilgi verdi. Enerji kapasitesinin artması bekleniyor. Süreç izleniyor."

69,yandas,Sabah,"Yeni konut projesi hızla ilerliyor","Konut projesinin planlanan takvim doğrultusunda ilerlediği açıklandı. Yetkililer projenin barınma sorununa çözüm sağlayacağını belirtti. İnşaat çalışmalarının hız kazandığı ifade edildi. Tamamlandığında birçok kişiye konut sağlanacak."
69,karsit,Sozcu,"Konut projesi gecikiyor","Yeni konut projesinde gecikmeler yaşandığı ifade ediliyor. Vatandaşlar teslim sürecinin uzamasından şikayetçi. Uzmanlar planlama sorunlarına dikkat çekiyor. Sorunun çözülmesi talep ediliyor."
69,notr,Hurriyet,"Konut projesinde çalışmalar sürüyor","Konut projesinde çalışmalar devam ediyor. Yetkililer sürecin planlandığı şekilde ilerlediğini açıkladı. İnşaat faaliyetleri sürüyor. Tamamlanma süreci takip ediliyor."

70,yandas,Sabah,"Yeni dijital hizmet uygulaması başlatıldı","Vatandaşlara yönelik yeni dijital hizmet uygulaması devreye alındı. Yetkililer uygulamanın işlemleri kolaylaştıracağını belirtti. Hizmetlere erişimin hızlandığı ifade edildi. Kullanımın yaygınlaşması bekleniyor."
70,karsit,Sozcu,"Dijital hizmet uygulaması sorunlu başladı","Yeni dijital uygulamada teknik sorunlar yaşandığı iddia ediliyor. Kullanıcılar erişim problemlerinden şikayetçi. Uzmanlar altyapı eksikliklerine dikkat çekiyor. Sorunların çözülmesi bekleniyor."
70,notr,Hurriyet,"Dijital hizmet uygulaması kullanıma sunuldu","Yeni dijital hizmet uygulaması kullanıma açıldı. Yetkililer sistem hakkında bilgi verdi. Vatandaşlar hizmetlerden yararlanmaya başladı. Süreç izleniyor."

71,yandas,Sabah,"Yeni fintech düzenlemesi sektörü güçlendirecek","Finansal teknolojiler alanında yapılan yeni düzenlemelerin sektörü daha güvenli ve güçlü hale getireceği açıklandı. Yetkililer yatırımcı güveninin artacağını belirtti. Düzenleme ile dijital finans sistemlerinin daha etkin çalışması hedefleniyor. Sektör temsilcileri büyümenin hızlanacağını ifade etti."
71,karsit,Sozcu,"Fintech düzenlemesine tepki","Yeni fintech düzenlemesi bazı girişimciler tarafından eleştiriliyor. Uzmanlar düzenlemenin inovasyonu yavaşlatabileceğini belirtiyor. Küçük girişimlerin zorlanabileceği ifade ediliyor. Sektörde tartışmalar devam ediyor."
71,notr,Hurriyet,"Fintech düzenlemesi yürürlüğe girdi","Finansal teknolojiler alanındaki yeni düzenleme yürürlüğe girdi. Yetkililer düzenlemenin kapsamını açıkladı. Sektör temsilcileri gelişmeleri değerlendiriyor. Sürecin etkileri izlenecek."

72,yandas,Sabah,"Yeni sigorta paketi vatandaşları koruyacak","Açıklanan yeni sigorta paketinin vatandaşlara geniş kapsamlı güvence sağlayacağı belirtildi. Yetkililer risklere karşı korumanın artırıldığını ifade etti. Paketle birlikte sigorta erişiminin yaygınlaşması hedefleniyor. Programın önemli bir güvenlik ağı oluşturacağı vurgulandı."
72,karsit,Sozcu,"Sigorta paketi yetersiz bulundu","Yeni sigorta paketinin kapsamının sınırlı olduğu eleştiriliyor. Uzmanlar bazı risklerin yeterince kapsanmadığını belirtiyor. Vatandaşlar maliyetlerin yüksek olduğunu ifade ediyor. Tartışmalar sürüyor."
72,notr,Hurriyet,"Yeni sigorta paketi açıklandı","Yeni sigorta paketi kamuoyuna duyuruldu. Yetkililer kapsam ve şartlar hakkında bilgi verdi. Başvuruların başlayacağı ifade edildi. Etkiler ilerleyen süreçte değerlendirilecek."

73,yandas,Sabah,"Uzaktan çalışma modeli yaygınlaşıyor","Yeni çalışma modelleri sayesinde uzaktan çalışmanın yaygınlaştığı açıklandı. Yetkililer bunun verimliliği artırdığını belirtti. Çalışanlara esneklik sağlandığı ifade edildi. İş dünyasında dönüşümün sürdüğü vurgulandı."
73,karsit,Sozcu,"Uzaktan çalışmada sorunlar artıyor","Uzaktan çalışma modelinin bazı zorlukları gündeme geliyor. Çalışanlar iş-yaşam dengesinde sorun yaşadıklarını belirtiyor. Uzmanlar verimlilik kaybına dikkat çekiyor. Tartışmalar devam ediyor."
73,notr,Hurriyet,"Uzaktan çalışma modeli değerlendiriliyor","Uzaktan çalışma modeli iş dünyasında yaygınlaşmaya devam ediyor. Şirketler uygulamayı farklı şekillerde değerlendiriyor. Çalışan deneyimleri inceleniyor. Süreç yakından izleniyor."

74,yandas,Sabah,"Yeni veri merkezi açıldı","Teknoloji altyapısını güçlendirmek amacıyla yeni veri merkezi hizmete açıldı. Yetkililer sistem kapasitesinin arttığını belirtti. Dijital hizmetlerin daha hızlı sunulacağı ifade edildi. Projenin teknoloji sektörüne katkı sağlayacağı vurgulandı."
74,karsit,Sozcu,"Veri merkezi yatırımı eleştirildi","Yeni veri merkezi yatırımının maliyeti tartışma yarattı. Uzmanlar kaynak kullanımının sorgulanması gerektiğini belirtiyor. Enerji tüketimi de eleştiri konusu oldu. Tartışmalar sürüyor."
74,notr,Hurriyet,"Veri merkezi hizmete girdi","Yeni veri merkezi faaliyete başladı. Yetkililer kapasite hakkında bilgi verdi. Dijital hizmetlere katkı sağlaması bekleniyor. Süreç takip ediliyor."

75,yandas,Sabah,"Yeni girişim fonu kuruldu","Girişimcilere destek olmak amacıyla yeni yatırım fonu kuruldu. Yetkililer inovasyonun teşvik edileceğini belirtti. Start-up ekosistemine katkı sağlanması hedefleniyor. Fonun büyümeyi destekleyeceği ifade edildi."
75,karsit,Sozcu,"Girişim fonu sınırlı bulundu","Kurulan girişim fonunun yeterli olmadığı eleştiriliyor. Uzmanlar yatırım miktarının düşük olduğunu belirtiyor. Girişimciler daha fazla destek bekliyor. Tartışmalar sürüyor."
75,notr,Hurriyet,"Girişim fonu duyuruldu","Yeni girişim fonu kamuoyuna açıklandı. Yetkililer fonun kapsamını anlattı. Başvuruların başlayacağı ifade edildi. Etkiler izlenecek."

76,yandas,Sabah,"Yeni deniz temizliği projesi başlatıldı","Deniz kirliliğini azaltmak amacıyla yeni bir proje başlatıldı. Yetkililer çevre koruma çalışmalarının güçlendirildiğini belirtti. Temizlik faaliyetlerinin artırıldığı ifade edildi. Projenin sürdürülebilir olacağı vurgulandı."
76,karsit,Sozcu,"Deniz temizliği projesi eleştirildi","Yeni deniz temizliği projesinin yetersiz olduğu iddia ediliyor. Uzmanlar kapsamın dar olduğunu belirtiyor. Çevreciler daha ciddi önlemler talep ediyor. Tartışmalar devam ediyor."
76,notr,Hurriyet,"Deniz temizliği çalışmaları başladı","Deniz temizliği kapsamında yeni çalışmalar başlatıldı. Yetkililer proje hakkında bilgi verdi. Farklı bölgelerde uygulamalar yapılacak. Süreç izleniyor."

77,yandas,Sabah,"Yeni iş güvenliği düzenlemesi yürürlükte","İş güvenliğini artırmaya yönelik yeni düzenleme yürürlüğe girdi. Yetkililer çalışanların korunacağını belirtti. Denetimlerin artırıldığı ifade edildi. Uygulamanın olumlu sonuç vereceği vurgulandı."
77,karsit,Sozcu,"İş güvenliği düzenlemesi yetersiz bulundu","Yeni iş güvenliği düzenlemesinin etkisiz olduğu eleştiriliyor. Uzmanlar denetimlerin yeterli olmadığını belirtiyor. Çalışanlar risklerin sürdüğünü ifade ediyor. Tartışmalar devam ediyor."
77,notr,Hurriyet,"İş güvenliği düzenlemesi yürürlüğe girdi","Yeni iş güvenliği düzenlemesi yürürlüğe alındı. Yetkililer uygulama hakkında bilgi verdi. Denetim süreci başlatıldı. Etkiler izlenecek."

78,yandas,Sabah,"Yeni medya platformu yayına başladı","Yeni medya platformunun yayına başladığı açıklandı. Yetkililer platformun bilgiye erişimi kolaylaştıracağını belirtti. Dijital içerik üretiminin artacağı ifade edildi. Projenin sektöre katkı sağlayacağı vurgulandı."
78,karsit,Sozcu,"Medya platformu tarafsızlık tartışması yarattı","Yeni medya platformunun tarafsızlığı eleştiriliyor. Uzmanlar içerik politikalarının sorgulanması gerektiğini belirtiyor. Kullanıcılar farklı görüşler dile getiriyor. Tartışmalar sürüyor."
78,notr,Hurriyet,"Yeni medya platformu açıldı","Yeni medya platformu yayına başladı. Yetkililer platform hakkında bilgi verdi. Kullanıcılar erişim sağlamaya başladı. Süreç takip ediliyor."

79,yandas,Sabah,"Yeni lojistik yazılımı devreye alındı","Lojistik sektöründe verimliliği artıracak yeni yazılım sistemi devreye alındı. Yetkililer süreçlerin hızlanacağını belirtti. Dijitalleşmenin sektöre katkı sağladığı ifade edildi. Yazılımın yaygınlaştırılması planlanıyor."
79,karsit,Sozcu,"Lojistik yazılımı sorunlarla başladı","Yeni lojistik yazılımında teknik sorunlar yaşandığı iddia ediliyor. Kullanıcılar sistem hatalarından şikayetçi. Uzmanlar altyapı eksikliğine dikkat çekiyor. Sorunların çözülmesi bekleniyor."
79,notr,Hurriyet,"Lojistik yazılımı kullanıma sunuldu","Yeni lojistik yazılımı hizmete alındı. Yetkililer sistem hakkında bilgi verdi. Kullanım süreci başladı. Etkiler izlenecek."

80,yandas,Sabah,"Yeni afet eğitim programı başlatıldı","Afetlere hazırlık amacıyla yeni eğitim programı başlatıldı. Yetkililer toplumun bilinçlendirilmesinin hedeflendiğini belirtti. Eğitimlerin farklı gruplara ulaştırıldığı ifade edildi. Programın yaygınlaştırılması planlanıyor."
80,karsit,Sozcu,"Afet eğitim programı yetersiz bulundu","Yeni afet eğitim programının etkisiz olduğu eleştiriliyor. Uzmanlar kapsamın dar olduğunu belirtiyor. Vatandaşlar daha fazla eğitim talep ediyor. Tartışmalar sürüyor."
80,notr,Hurriyet,"Afet eğitim programı duyuruldu","Yeni afet eğitim programı kamuoyuna açıklandı. Yetkililer program hakkında bilgi verdi. Eğitimler başladı. Süreç izleniyor."

81,yandas,Sabah,"Yeni su arıtma tesisi hizmete alındı","Şehirde içme suyu kalitesini artırmak amacıyla yeni bir arıtma tesisi devreye alındı. Yetkililer tesisin modern teknolojiyle donatıldığını belirtti. Su kaynaklarının daha verimli kullanılacağı ifade edildi. Projenin uzun vadeli fayda sağlayacağı vurgulandı."
81,karsit,Sozcu,"Arıtma tesisi maliyeti eleştiriliyor","Yeni su arıtma tesisinin maliyeti tartışma konusu oldu. Uzmanlar yatırımın gereğinden pahalı olduğunu belirtiyor. Vatandaşlar kaynak kullanımını sorguluyor. Tartışmalar sürüyor."
81,notr,Hurriyet,"Su arıtma tesisi açıldı","Yeni su arıtma tesisi hizmete girdi. Yetkililer tesis hakkında bilgi verdi. Su kalitesinin artırılması hedefleniyor. Süreç izleniyor."

82,yandas,Sabah,"Yeni akıllı şehir uygulamaları başlatıldı","Şehirde dijital dönüşüm kapsamında akıllı şehir uygulamaları devreye alındı. Yetkililer yaşam kalitesinin artacağını belirtti. Trafik ve enerji yönetiminde iyileşmeler hedefleniyor. Projenin yaygınlaştırılması planlanıyor."
82,karsit,Sozcu,"Akıllı şehir projesi eleştirildi","Akıllı şehir uygulamalarının yeterince etkili olmadığı iddia ediliyor. Uzmanlar altyapı eksikliklerine dikkat çekiyor. Vatandaşlar uygulamalardan beklenen faydayı görmediğini ifade ediyor. Tartışmalar sürüyor."
82,notr,Hurriyet,"Akıllı şehir uygulamaları başladı","Yeni akıllı şehir uygulamaları devreye alındı. Yetkililer proje hakkında bilgi verdi. Çeşitli alanlarda uygulamalar başladı. Süreç takip ediliyor."

83,yandas,Sabah,"Yeni deniz taşımacılığı hattı açıldı","Deniz ulaşımını güçlendirmek amacıyla yeni hat hizmete açıldı. Yetkililer hattın yolcu kapasitesini artıracağını belirtti. Ulaşım süresinin kısalacağı ifade edildi. Projenin katkı sağlayacağı vurgulandı."
83,karsit,Sozcu,"Deniz hattı düşük talep görüyor","Yeni deniz hattının beklenen ilgiyi görmediği ifade ediliyor. Vatandaşlar hattı yeterince kullanmıyor. Uzmanlar planlama hatalarına dikkat çekiyor. Tartışmalar devam ediyor."
83,notr,Hurriyet,"Yeni deniz hattı hizmete girdi","Yeni deniz taşımacılığı hattı açıldı. Yetkililer kapasite hakkında bilgi verdi. Yolcu taşımacılığı başladı. Süreç izleniyor."

84,yandas,Sabah,"Yeni enerji tasarrufu kampanyası başlatıldı","Enerji tüketimini azaltmak amacıyla yeni bir kampanya başlatıldı. Yetkililer vatandaşların bilinçlendirilmesinin hedeflendiğini belirtti. Tasarruf oranlarının artması bekleniyor. Kampanyanın yaygınlaştırılacağı ifade edildi."
84,karsit,Sozcu,"Enerji kampanyası etkisiz bulundu","Enerji tasarrufu kampanyasının beklenen etkiyi yaratmadığı ifade ediliyor. Uzmanlar uygulamaların yetersiz olduğunu belirtiyor. Vatandaşların katılımının düşük olduğu söyleniyor. Eleştiriler sürüyor."
84,notr,Hurriyet,"Enerji tasarrufu kampanyası başladı","Yeni enerji tasarrufu kampanyası başlatıldı. Yetkililer program hakkında bilgi verdi. Çalışmalar yürütülüyor. Etkiler değerlendirilecek."

85,yandas,Sabah,"Yeni dijital kimlik sistemi tanıtıldı","Vatandaşlara yönelik dijital kimlik sistemi tanıtıldı. Yetkililer işlemlerin hızlanacağını belirtti. Sistemle güvenliğin artırıldığı ifade edildi. Kullanımın yaygınlaşması bekleniyor."
85,karsit,Sozcu,"Dijital kimlik sistemi güvenlik tartışması yarattı","Yeni dijital kimlik sistemi güvenlik endişelerine yol açtı. Uzmanlar veri koruma konusunda riskler olduğunu belirtiyor. Kullanıcılar sistem hakkında soru işaretleri taşıyor. Tartışmalar sürüyor."
85,notr,Hurriyet,"Dijital kimlik sistemi duyuruldu","Yeni dijital kimlik sistemi kamuoyuna tanıtıldı. Yetkililer sistem hakkında bilgi verdi. Kullanım süreci planlanıyor. Süreç izlenecek."

86,yandas,Sabah,"Yeni tarım kooperatifleri kuruldu","Çiftçilerin desteklenmesi amacıyla yeni kooperatifler kuruldu. Yetkililer üretimin artacağını belirtti. Kooperatiflerin iş birliğini güçlendireceği ifade edildi. Projelerin devam edeceği vurgulandı."
86,karsit,Sozcu,"Kooperatifler yeterince desteklenmiyor","Yeni kurulan kooperatiflerin yeterli destek alamadığı ifade ediliyor. Çiftçiler finansal zorluklar yaşadıklarını belirtiyor. Uzmanlar sistemin güçlendirilmesi gerektiğini söylüyor. Tartışmalar sürüyor."
86,notr,Hurriyet,"Tarım kooperatifleri kuruldu","Yeni tarım kooperatifleri faaliyete başladı. Yetkililer projeler hakkında bilgi verdi. Üreticilerin katılımı sağlandı. Süreç izleniyor."

87,yandas,Sabah,"Yeni iş geliştirme merkezi açıldı","Girişimcilere destek olmak amacıyla yeni iş geliştirme merkezi açıldı. Yetkililer merkezde çeşitli eğitimler verileceğini belirtti. Girişimcilerin destekleneceği ifade edildi. Projenin yaygınlaştırılması planlanıyor."
87,karsit,Sozcu,"İş geliştirme merkezi eleştirildi","Yeni merkezin yetersiz olduğu yönünde eleştiriler yapılıyor. Girişimciler desteklerin sınırlı olduğunu belirtiyor. Uzmanlar sistemin geliştirilmesi gerektiğini ifade ediyor. Tartışmalar sürüyor."
87,notr,Hurriyet,"İş geliştirme merkezi açıldı","Yeni iş geliştirme merkezi hizmete girdi. Yetkililer faaliyetler hakkında bilgi verdi. Eğitim programları başlatıldı. Süreç izleniyor."

88,yandas,Sabah,"Yeni ulaşım planı yürürlüğe girdi","Şehirde trafik sorununu azaltmak amacıyla yeni ulaşım planı devreye alındı. Yetkililer sistemin verimliliği artıracağını belirtti. Yeni düzenlemelerin uygulanmaya başlandığı ifade edildi. Planın olumlu sonuç vermesi bekleniyor."
88,karsit,Sozcu,"Ulaşım planı karmaşa yarattı","Yeni ulaşım planının trafik sorununu çözmediği ifade ediliyor. Vatandaşlar uygulamadan memnun olmadıklarını belirtiyor. Uzmanlar planlama hatalarına dikkat çekiyor. Tartışmalar sürüyor."
88,notr,Hurriyet,"Yeni ulaşım planı uygulamaya alındı","Yeni ulaşım planı yürürlüğe girdi. Yetkililer uygulama hakkında bilgi verdi. Trafik düzenlemeleri yapıldı. Süreç izleniyor."

89,yandas,Sabah,"Yeni medya eğitim programı başlatıldı","Medya okuryazarlığını artırmak amacıyla yeni eğitim programı başlatıldı. Yetkililer bilinçli medya kullanımını teşvik ettiklerini belirtti. Eğitimlerin geniş kitlelere ulaşması hedefleniyor. Programın etkili olacağı ifade edildi."
89,karsit,Sozcu,"Medya eğitim programı eleştirildi","Yeni medya eğitim programının yetersiz olduğu ifade ediliyor. Uzmanlar kapsamın dar olduğunu belirtiyor. Katılımcılar daha kapsamlı içerik talep ediyor. Tartışmalar sürüyor."
89,notr,Hurriyet,"Medya eğitim programı duyuruldu","Yeni medya eğitim programı kamuoyuna açıklandı. Yetkililer program hakkında bilgi verdi. Eğitimler başlatıldı. Süreç izleniyor."

90,yandas,Sabah,"Yeni altyapı güçlendirme çalışmaları tamamlandı","Şehir altyapısını güçlendirmek amacıyla yürütülen çalışmalar tamamlandı. Yetkililer sistemin daha dayanıklı hale geldiğini belirtti. Yeni yatırımların katkı sağladığı ifade edildi. Çalışmaların devam edeceği vurgulandı."
90,karsit,Sozcu,"Altyapı çalışmaları yetersiz bulundu","Altyapı çalışmalarının beklenen sonucu vermediği iddia ediliyor. Vatandaşlar sorunların devam ettiğini belirtiyor. Uzmanlar eksikliklere dikkat çekiyor. Tartışmalar sürüyor."
90,notr,Hurriyet,"Altyapı çalışmaları tamamlandı","Altyapı güçlendirme çalışmaları tamamlandı. Yetkililer proje hakkında bilgi verdi. Sistem yenilendi. Süreç izleniyor."

91,yandas,Sabah,"Yeni uzay araştırma merkezi açıldı","Türkiye’nin uzay çalışmalarını geliştirmek amacıyla yeni araştırma merkezi hizmete açıldı. Yetkililer merkezin bilimsel üretimi artıracağını belirtti. Uluslararası projelerde daha aktif rol alınacağı ifade edildi. Merkezin uzun vadeli katkı sağlayacağı vurgulandı."
91,karsit,Sozcu,"Uzay merkezi yatırımı eleştirildi","Yeni uzay araştırma merkezinin maliyeti tartışma konusu oldu. Uzmanlar önceliklerin farklı alanlarda olması gerektiğini savunuyor. Projenin ekonomik getirisi sorgulanıyor. Tartışmalar devam ediyor."
91,notr,Hurriyet,"Uzay araştırma merkezi açıldı","Yeni uzay araştırma merkezi hizmete girdi. Yetkililer proje hakkında bilgi verdi. Bilimsel çalışmaların yürütülmesi planlanıyor. Süreç takip ediliyor."

92,yandas,Sabah,"Yeni siber güvenlik sistemi devreye alındı","Ulusal siber güvenliği güçlendirmek amacıyla yeni sistem devreye alındı. Yetkililer sistemin tehditleri önceden tespit edeceğini belirtti. Dijital altyapının daha güvenli hale geldiği ifade edildi. Projenin kritik öneme sahip olduğu vurgulandı."
92,karsit,Sozcu,"Siber güvenlik sistemi yetersiz bulundu","Yeni siber güvenlik sisteminin eksikleri olduğu iddia ediliyor. Uzmanlar sistemin saldırılara karşı tam koruma sağlamadığını belirtiyor. Altyapı eksiklikleri tartışılıyor. Eleştiriler sürüyor."
92,notr,Hurriyet,"Siber güvenlik sistemi tanıtıldı","Yeni siber güvenlik sistemi kamuoyuna tanıtıldı. Yetkililer sistem hakkında bilgi verdi. Kullanım süreci başladı. Etkiler izlenecek."

93,yandas,Sabah,"Yeni yapay zeka projesi başlatıldı","Yapay zeka alanında yeni bir proje hayata geçirildi. Yetkililer projenin teknoloji sektörüne katkı sağlayacağını belirtti. Yenilikçi çözümler geliştirileceği ifade edildi. Projenin büyümeyi desteklemesi bekleniyor."
93,karsit,Sozcu,"Yapay zeka projesi eleştirildi","Yeni yapay zeka projesinin yetersiz olduğu yönünde eleştiriler yapılıyor. Uzmanlar proje kapsamının dar olduğunu belirtiyor. Kaynakların verimli kullanılmadığı ifade ediliyor. Tartışmalar sürüyor."
93,notr,Hurriyet,"Yapay zeka projesi duyuruldu","Yeni yapay zeka projesi kamuoyuna açıklandı. Yetkililer hedefler hakkında bilgi verdi. Çalışmalar başlatıldı. Süreç izleniyor."

94,yandas,Sabah,"Yeni biyoteknoloji laboratuvarı açıldı","Biyoteknoloji alanında araştırmalar yapılacak yeni laboratuvar açıldı. Yetkililer bilimsel üretimin artacağını belirtti. Sağlık ve tarım alanında yenilikler hedefleniyor. Projenin önemli katkı sağlayacağı ifade edildi."
94,karsit,Sozcu,"Biyoteknoloji yatırımı tartışma yarattı","Yeni biyoteknoloji yatırımının maliyeti eleştiriliyor. Uzmanlar kaynak kullanımını sorguluyor. Projenin verimliliği konusunda şüpheler dile getiriliyor. Tartışmalar sürüyor."
94,notr,Hurriyet,"Biyoteknoloji laboratuvarı açıldı","Yeni biyoteknoloji laboratuvarı hizmete girdi. Yetkililer proje hakkında bilgi verdi. Araştırmalar başlatıldı. Süreç takip ediliyor."

95,yandas,Sabah,"Yeni çevrim içi eğitim platformu başlatıldı","Eğitimde dijital dönüşüm kapsamında yeni platform devreye alındı. Yetkililer öğrencilerin erişiminin kolaylaştığını belirtti. Eğitim kalitesinin artması hedefleniyor. Platformun yaygınlaştırılması planlanıyor."
95,karsit,Sozcu,"Online eğitim platformu eleştirildi","Yeni eğitim platformunun yetersiz olduğu iddia ediliyor. Öğrenciler teknik sorunlardan şikayetçi. Uzmanlar altyapı eksikliklerine dikkat çekiyor. Tartışmalar sürüyor."
95,notr,Hurriyet,"Online eğitim platformu açıldı","Yeni çevrim içi eğitim platformu hizmete girdi. Yetkililer sistem hakkında bilgi verdi. Kullanım başladı. Süreç izleniyor."

96,yandas,Sabah,"Yeni veri koruma yasası yürürlüğe girdi","Kişisel verilerin korunmasına yönelik yeni yasa yürürlüğe girdi. Yetkililer güvenliğin artırıldığını belirtti. Dijital hakların korunması hedefleniyor. Yasanın önemli katkı sağlayacağı vurgulandı."
96,karsit,Sozcu,"Veri koruma yasası eleştiriliyor","Yeni veri koruma yasası bazı kesimler tarafından eleştiriliyor. Uzmanlar yasanın yetersiz olduğunu belirtiyor. Kullanıcı haklarının tam korunmadığı ifade ediliyor. Tartışmalar sürüyor."
96,notr,Hurriyet,"Veri koruma yasası yürürlüğe girdi","Yeni veri koruma yasası yürürlüğe alındı. Yetkililer düzenleme hakkında bilgi verdi. Uygulama başladı. Süreç izleniyor."

97,yandas,Sabah,"Yeni robotik üretim hattı kuruldu","Sanayide otomasyonu artırmak amacıyla yeni robotik üretim hattı kuruldu. Yetkililer verimliliğin arttığını belirtti. Üretim kapasitesinin yükseldiği ifade edildi. Teknolojik dönüşümün sürdüğü vurgulandı."
97,karsit,Sozcu,"Robotik üretim işsizliği artırabilir","Yeni robotik sistemlerin işsizliği artırabileceği iddia ediliyor. Uzmanlar insan gücünün azalacağına dikkat çekiyor. Sosyal etkiler tartışılıyor. Eleştiriler sürüyor."
97,notr,Hurriyet,"Robotik üretim hattı kuruldu","Yeni robotik üretim hattı devreye alındı. Yetkililer sistem hakkında bilgi verdi. Üretim başladı. Süreç izleniyor."

98,yandas,Sabah,"Yeni akıllı tarım sistemi uygulanıyor","Tarımda verimliliği artırmak amacıyla akıllı sistemler kullanılmaya başlandı. Yetkililer üretimin arttığını belirtti. Teknolojik çözümlerle maliyetlerin düşmesi hedefleniyor. Sistem yaygınlaştırılacak."
98,karsit,Sozcu,"Akıllı tarım sistemi eleştirildi","Yeni tarım sisteminin yeterince etkili olmadığı iddia ediliyor. Çiftçiler uygulamaya uyum sağlamakta zorlanıyor. Uzmanlar desteklerin artırılması gerektiğini belirtiyor. Tartışmalar sürüyor."
98,notr,Hurriyet,"Akıllı tarım sistemi devrede","Yeni akıllı tarım sistemi uygulanmaya başlandı. Yetkililer proje hakkında bilgi verdi. Çalışmalar sürüyor. Süreç izleniyor."

99,yandas,Sabah,"Yeni lojistik drone sistemi test edildi","Lojistik alanında kullanılacak drone sistemi başarıyla test edildi. Yetkililer teslimat sürelerinin kısalacağını belirtti. Teknolojinin sektöre katkı sağlayacağı ifade edildi. Sistem geliştirilmeye devam edecek."
99,karsit,Sozcu,"Drone sistemi güvenlik riski taşıyor","Yeni drone sisteminin güvenlik riskleri oluşturabileceği ifade ediliyor. Uzmanlar denetim eksikliğine dikkat çekiyor. Vatandaşlar endişelerini dile getiriyor. Tartışmalar sürüyor."
99,notr,Hurriyet,"Lojistik drone sistemi test edildi","Yeni drone sistemi test edildi. Yetkililer proje hakkında bilgi verdi. Deneme süreci tamamlandı. Sonuçlar değerlendirilecek."

100,yandas,Sabah,"Yeni sürdürülebilir şehir projesi başlatıldı","Sürdürülebilir şehir modeli kapsamında yeni proje başlatıldı. Yetkililer çevre dostu uygulamaların yaygınlaşacağını belirtti. Enerji ve su tasarrufu hedefleniyor. Projenin uzun vadeli katkı sağlayacağı vurgulandı."
100,karsit,Sozcu,"Sürdürülebilir şehir projesi eleştirildi","Yeni şehir projesinin yetersiz olduğu iddia ediliyor. Uzmanlar planlamanın eksik olduğunu belirtiyor. Vatandaşlar projeye temkinli yaklaşıyor. Tartışmalar sürüyor."
100,notr,Hurriyet,"Sürdürülebilir şehir projesi duyuruldu","Yeni sürdürülebilir şehir projesi kamuoyuna açıklandı. Yetkililer proje hakkında bilgi verdi. Çalışmalar başlatıldı. Süreç izleniyor."